index,Country,Subject,Gender,Year,Value
0,AUS,MATH,BOY,2003,527.0
1,AUS,MATH,BOY,2006,527.0
2,AUS,MATH,BOY,2009,519.0
3,AUS,MATH,BOY,2012,510.115
4,AUS,MATH,BOY,2015,497.0
5,AUS,MATH,BOY,2018,494.0
6,AUS,MATH,GIRL,2003,522.0
7,AUS,MATH,GIRL,2006,513.0
8,AUS,MATH,GIRL,2009,509.0
9,AUS,MATH,GIRL,2012,497.821
10,AUS,MATH,GIRL,2015,491.0
11,AUS,MATH,GIRL,2018,488.0
12,AUT,MATH,BOY,2003,509.0
13,AUT,MATH,BOY,2006,517.0
14,AUT,MATH,BOY,2012,516.682
15,AUT,MATH,BOY,2015,510.0
16,AUT,MATH,BOY,2018,505.0
17,AUT,MATH,GIRL,2003,502.0
18,AUT,MATH,GIRL,2006,494.0
19,AUT,MATH,GIRL,2012,494.462
20,AUT,MATH,GIRL,2015,483.0
21,AUT,MATH,GIRL,2018,492.0
22,BEL,MATH,BOY,2003,533.0
23,BEL,MATH,BOY,2006,524.0
24,BEL,MATH,BOY,2009,526.0
25,BEL,MATH,BOY,2012,520.081
26,BEL,MATH,BOY,2015,514.0
27,BEL,MATH,BOY,2018,514.0
28,BEL,MATH,GIRL,2003,525.0
29,BEL,MATH,GIRL,2006,517.0
30,BEL,MATH,GIRL,2009,504.0
31,BEL,MATH,GIRL,2012,508.935
32,BEL,MATH,GIRL,2015,500.0
33,BEL,MATH,GIRL,2018,502.0
34,CAN,MATH,BOY,2003,541.0
35,CAN,MATH,BOY,2006,534.0
36,CAN,MATH,BOY,2009,533.0
37,CAN,MATH,BOY,2012,523.154
38,CAN,MATH,BOY,2015,520.0
39,CAN,MATH,BOY,2018,514.0
40,CAN,MATH,GIRL,2003,530.0
41,CAN,MATH,GIRL,2006,520.0
42,CAN,MATH,GIRL,2009,521.0
43,CAN,MATH,GIRL,2012,513.022
44,CAN,MATH,GIRL,2015,511.0
45,CAN,MATH,GIRL,2018,510.0
46,CZE,MATH,BOY,2003,524.0
47,CZE,MATH,BOY,2006,514.0
48,CZE,MATH,BOY,2009,495.0
49,CZE,MATH,BOY,2012,504.71
50,CZE,MATH,BOY,2015,496.0
51,CZE,MATH,BOY,2018,501.0
52,CZE,MATH,GIRL,2003,509.0
53,CZE,MATH,GIRL,2006,504.0
54,CZE,MATH,GIRL,2009,490.0
55,CZE,MATH,GIRL,2012,492.903
56,CZE,MATH,GIRL,2015,489.0
57,CZE,MATH,GIRL,2018,498.0
58,DNK,MATH,BOY,2003,523.0
59,DNK,MATH,BOY,2006,518.0
60,DNK,MATH,BOY,2009,511.0
61,DNK,MATH,BOY,2012,506.953
62,DNK,MATH,BOY,2015,516.0
63,DNK,MATH,BOY,2018,511.0
64,DNK,MATH,GIRL,2003,506.0
65,DNK,MATH,GIRL,2006,508.0
66,DNK,MATH,GIRL,2009,495.0
67,DNK,MATH,GIRL,2012,493.029
68,DNK,MATH,GIRL,2015,506.0
69,DNK,MATH,GIRL,2018,507.0
70,FIN,MATH,BOY,2003,548.0
71,FIN,MATH,BOY,2006,554.0
72,FIN,MATH,BOY,2009,542.0
73,FIN,MATH,BOY,2012,517.391
74,FIN,MATH,BOY,2015,507.0
75,FIN,MATH,BOY,2018,504.0
76,FIN,MATH,GIRL,2003,541.0
77,FIN,MATH,GIRL,2006,543.0
78,FIN,MATH,GIRL,2009,539.0
79,FIN,MATH,GIRL,2012,520.185
80,FIN,MATH,GIRL,2015,515.0
81,FIN,MATH,GIRL,2018,510.0
82,FRA,MATH,BOY,2003,515.0
83,FRA,MATH,BOY,2006,499.0
84,FRA,MATH,BOY,2009,505.0
85,FRA,MATH,BOY,2012,499.355
86,FRA,MATH,BOY,2015,496.0
87,FRA,MATH,BOY,2018,499.0
88,FRA,MATH,GIRL,2003,507.0
89,FRA,MATH,GIRL,2006,492.0
90,FRA,MATH,GIRL,2009,489.0
91,FRA,MATH,GIRL,2012,490.853
92,FRA,MATH,GIRL,2015,490.0
93,FRA,MATH,GIRL,2018,492.0
94,DEU,MATH,BOY,2003,508.0
95,DEU,MATH,BOY,2006,513.0
96,DEU,MATH,BOY,2009,520.0
97,DEU,MATH,BOY,2012,520.19
98,DEU,MATH,BOY,2015,514.0
99,DEU,MATH,BOY,2018,503.0
100,DEU,MATH,GIRL,2003,499.0
101,DEU,MATH,GIRL,2006,494.0
102,DEU,MATH,GIRL,2009,505.0
103,DEU,MATH,GIRL,2012,506.625
104,DEU,MATH,GIRL,2015,498.0
105,DEU,MATH,GIRL,2018,496.0
106,GRC,MATH,BOY,2003,455.0
107,GRC,MATH,BOY,2006,462.0
108,GRC,MATH,BOY,2009,473.0
109,GRC,MATH,BOY,2012,457.039
110,GRC,MATH,BOY,2015,454.0
111,GRC,MATH,BOY,2018,452.0
112,GRC,MATH,GIRL,2003,436.0
113,GRC,MATH,GIRL,2006,457.0
114,GRC,MATH,GIRL,2009,459.0
115,GRC,MATH,GIRL,2012,448.984
116,GRC,MATH,GIRL,2015,454.0
117,GRC,MATH,GIRL,2018,451.0
118,HUN,MATH,BOY,2003,494.0
119,HUN,MATH,BOY,2006,496.0
120,HUN,MATH,BOY,2009,496.0
121,HUN,MATH,BOY,2012,481.749
122,HUN,MATH,BOY,2015,481.0
123,HUN,MATH,BOY,2018,486.0
124,HUN,MATH,GIRL,2003,486.0
125,HUN,MATH,GIRL,2006,486.0
126,HUN,MATH,GIRL,2009,484.0
127,HUN,MATH,GIRL,2012,472.664
128,HUN,MATH,GIRL,2015,473.0
129,HUN,MATH,GIRL,2018,477.0
130,ISL,MATH,BOY,2003,508.0
131,ISL,MATH,BOY,2006,503.0
132,ISL,MATH,BOY,2009,508.0
133,ISL,MATH,BOY,2012,489.72
134,ISL,MATH,BOY,2015,487.0
135,ISL,MATH,BOY,2018,490.0
136,ISL,MATH,GIRL,2003,523.0
137,ISL,MATH,GIRL,2006,508.0
138,ISL,MATH,GIRL,2009,505.0
139,ISL,MATH,GIRL,2012,495.947
140,ISL,MATH,GIRL,2015,489.0
141,ISL,MATH,GIRL,2018,500.0
142,IRL,MATH,BOY,2003,510.0
143,IRL,MATH,BOY,2006,507.0
144,IRL,MATH,BOY,2009,491.0
145,IRL,MATH,BOY,2012,509.035
146,IRL,MATH,BOY,2015,512.0
147,IRL,MATH,BOY,2018,503.0
148,IRL,MATH,GIRL,2003,495.0
149,IRL,MATH,GIRL,2006,496.0
150,IRL,MATH,GIRL,2009,483.0
151,IRL,MATH,GIRL,2012,493.705
152,IRL,MATH,GIRL,2015,495.0
153,IRL,MATH,GIRL,2018,497.0
154,ITA,MATH,BOY,2003,475.0
155,ITA,MATH,BOY,2006,470.0
156,ITA,MATH,BOY,2009,490.0
157,ITA,MATH,BOY,2012,494.199
158,ITA,MATH,BOY,2015,500.0
159,ITA,MATH,BOY,2018,494.0
160,ITA,MATH,GIRL,2003,457.0
161,ITA,MATH,GIRL,2006,453.0
162,ITA,MATH,GIRL,2009,475.0
163,ITA,MATH,GIRL,2012,475.794
164,ITA,MATH,GIRL,2015,480.0
165,ITA,MATH,GIRL,2018,479.0
166,JPN,MATH,BOY,2003,539.0
167,JPN,MATH,BOY,2006,533.0
168,JPN,MATH,BOY,2009,534.0
169,JPN,MATH,BOY,2012,544.884
170,JPN,MATH,BOY,2015,539.0
171,JPN,MATH,BOY,2018,532.0
172,JPN,MATH,GIRL,2003,530.0
173,JPN,MATH,GIRL,2006,513.0
174,JPN,MATH,GIRL,2009,524.0
175,JPN,MATH,GIRL,2012,527.011
176,JPN,MATH,GIRL,2015,525.0
177,JPN,MATH,GIRL,2018,522.0
178,KOR,MATH,BOY,2003,552.0
179,KOR,MATH,BOY,2006,552.0
180,KOR,MATH,BOY,2009,548.0
181,KOR,MATH,BOY,2012,562.114
182,KOR,MATH,BOY,2015,521.0
183,KOR,MATH,BOY,2018,528.0
184,KOR,MATH,GIRL,2003,528.0
185,KOR,MATH,GIRL,2006,543.0
186,KOR,MATH,GIRL,2009,544.0
187,KOR,MATH,GIRL,2012,544.193
188,KOR,MATH,GIRL,2015,528.0
189,KOR,MATH,GIRL,2018,524.0
190,LUX,MATH,BOY,2003,502.0
191,LUX,MATH,BOY,2006,498.0
192,LUX,MATH,BOY,2009,499.0
193,LUX,MATH,BOY,2012,502.193
194,LUX,MATH,BOY,2015,491.0
195,LUX,MATH,BOY,2018,487.0
196,LUX,MATH,GIRL,2003,485.0
197,LUX,MATH,GIRL,2006,482.0
198,LUX,MATH,GIRL,2009,479.0
199,LUX,MATH,GIRL,2012,477.117
200,LUX,MATH,GIRL,2015,480.0
201,LUX,MATH,GIRL,2018,480.0
202,MEX,MATH,BOY,2003,391.0
203,MEX,MATH,BOY,2006,410.0
204,MEX,MATH,BOY,2009,425.0
205,MEX,MATH,BOY,2012,420.411
206,MEX,MATH,BOY,2015,412.0
207,MEX,MATH,BOY,2018,415.0
208,MEX,MATH,GIRL,2003,380.0
209,MEX,MATH,GIRL,2006,401.0
210,MEX,MATH,GIRL,2009,412.0
211,MEX,MATH,GIRL,2012,406.427
212,MEX,MATH,GIRL,2015,404.0
213,MEX,MATH,GIRL,2018,403.0
214,NLD,MATH,BOY,2003,540.0
215,NLD,MATH,BOY,2006,537.0
216,NLD,MATH,BOY,2009,534.0
217,NLD,MATH,BOY,2012,527.967
218,NLD,MATH,BOY,2015,513.0
219,NLD,MATH,BOY,2018,520.0
220,NLD,MATH,GIRL,2003,535.0
221,NLD,MATH,GIRL,2006,524.0
222,NLD,MATH,GIRL,2009,517.0
223,NLD,MATH,GIRL,2012,517.738
224,NLD,MATH,GIRL,2015,511.0
225,NLD,MATH,GIRL,2018,519.0
226,NZL,MATH,BOY,2003,531.0
227,NZL,MATH,BOY,2006,527.0
228,NZL,MATH,BOY,2009,523.0
229,NZL,MATH,BOY,2012,507.112
230,NZL,MATH,BOY,2015,499.0
231,NZL,MATH,BOY,2018,499.0
232,NZL,MATH,GIRL,2003,516.0
233,NZL,MATH,GIRL,2006,517.0
234,NZL,MATH,GIRL,2009,515.0
235,NZL,MATH,GIRL,2012,492.057
236,NZL,MATH,GIRL,2015,491.0
237,NZL,MATH,GIRL,2018,490.0
238,NOR,MATH,BOY,2003,498.0
239,NOR,MATH,BOY,2006,493.0
240,NOR,MATH,BOY,2009,500.0
241,NOR,MATH,BOY,2012,490.399
242,NOR,MATH,BOY,2015,501.0
243,NOR,MATH,BOY,2018,497.0
244,NOR,MATH,GIRL,2003,492.0
245,NOR,MATH,GIRL,2006,487.0
246,NOR,MATH,GIRL,2009,495.0
247,NOR,MATH,GIRL,2012,488.293
248,NOR,MATH,GIRL,2015,503.0
249,NOR,MATH,GIRL,2018,505.0
250,POL,MATH,BOY,2003,493.0
251,POL,MATH,BOY,2006,500.0
252,POL,MATH,BOY,2009,497.0
253,POL,MATH,BOY,2012,519.564
254,POL,MATH,BOY,2015,510.0
255,POL,MATH,BOY,2018,516.0
256,POL,MATH,GIRL,2003,487.0
257,POL,MATH,GIRL,2006,491.0
258,POL,MATH,GIRL,2009,493.0
259,POL,MATH,GIRL,2012,515.533
260,POL,MATH,GIRL,2015,499.0
261,POL,MATH,GIRL,2018,515.0
262,PRT,MATH,BOY,2003,472.0
263,PRT,MATH,BOY,2006,474.0
264,PRT,MATH,BOY,2009,493.0
265,PRT,MATH,BOY,2012,492.703
266,PRT,MATH,BOY,2015,497.0
267,PRT,MATH,BOY,2018,497.0
268,PRT,MATH,GIRL,2003,460.0
269,PRT,MATH,GIRL,2006,459.0
270,PRT,MATH,GIRL,2009,481.0
271,PRT,MATH,GIRL,2012,481.296
272,PRT,MATH,GIRL,2015,487.0
273,PRT,MATH,GIRL,2018,488.0
274,SVK,MATH,BOY,2003,507.0
275,SVK,MATH,BOY,2006,499.0
276,SVK,MATH,BOY,2009,498.0
277,SVK,MATH,BOY,2012,486.134
278,SVK,MATH,BOY,2015,478.0
279,SVK,MATH,BOY,2018,488.0
280,SVK,MATH,GIRL,2003,489.0
281,SVK,MATH,GIRL,2006,485.0
282,SVK,MATH,GIRL,2009,495.0
283,SVK,MATH,GIRL,2012,476.712
284,SVK,MATH,GIRL,2015,472.0
285,SVK,MATH,GIRL,2018,484.0
286,ESP,MATH,BOY,2003,490.0
287,ESP,MATH,BOY,2006,484.0
288,ESP,MATH,BOY,2009,493.0
289,ESP,MATH,BOY,2012,492.422
290,ESP,MATH,BOY,2015,494.0
291,ESP,MATH,BOY,2018,485.0
292,ESP,MATH,GIRL,2003,481.0
293,ESP,MATH,GIRL,2006,476.0
294,ESP,MATH,GIRL,2009,474.0
295,ESP,MATH,GIRL,2012,475.965
296,ESP,MATH,GIRL,2015,478.0
297,ESP,MATH,GIRL,2018,478.0
298,SWE,MATH,BOY,2003,512.0
299,SWE,MATH,BOY,2006,505.0
300,SWE,MATH,BOY,2009,493.0
301,SWE,MATH,BOY,2012,476.916
302,SWE,MATH,BOY,2015,493.0
303,SWE,MATH,BOY,2018,502.0
304,SWE,MATH,GIRL,2003,506.0
305,SWE,MATH,GIRL,2006,500.0
306,SWE,MATH,GIRL,2009,495.0
307,SWE,MATH,GIRL,2012,479.629
308,SWE,MATH,GIRL,2015,495.0
309,SWE,MATH,GIRL,2018,503.0
310,CHE,MATH,BOY,2003,535.0
311,CHE,MATH,BOY,2006,536.0
312,CHE,MATH,BOY,2009,544.0
313,CHE,MATH,BOY,2012,537.369
314,CHE,MATH,BOY,2015,527.0
315,CHE,MATH,BOY,2018,519.0
316,CHE,MATH,GIRL,2003,518.0
317,CHE,MATH,GIRL,2006,523.0
318,CHE,MATH,GIRL,2009,524.0
319,CHE,MATH,GIRL,2012,524.473
320,CHE,MATH,GIRL,2015,515.0
321,CHE,MATH,GIRL,2018,512.0
322,TUR,MATH,BOY,2003,430.0
323,TUR,MATH,BOY,2006,427.0
324,TUR,MATH,BOY,2009,451.0
325,TUR,MATH,BOY,2012,451.934
326,TUR,MATH,BOY,2015,423.0
327,TUR,MATH,BOY,2018,456.0
328,TUR,MATH,GIRL,2003,415.0
329,TUR,MATH,GIRL,2006,421.0
330,TUR,MATH,GIRL,2009,440.0
331,TUR,MATH,GIRL,2012,443.948
332,TUR,MATH,GIRL,2015,418.0
333,TUR,MATH,GIRL,2018,451.0
334,GBR,MATH,BOY,2006,504.0
335,GBR,MATH,BOY,2009,503.0
336,GBR,MATH,BOY,2012,500.295
337,GBR,MATH,BOY,2015,498.0
338,GBR,MATH,BOY,2018,508.0
339,GBR,MATH,GIRL,2006,487.0
340,GBR,MATH,GIRL,2009,482.0
341,GBR,MATH,GIRL,2012,487.815
342,GBR,MATH,GIRL,2015,487.0
343,GBR,MATH,GIRL,2018,496.0
344,USA,MATH,BOY,2003,486.0
345,USA,MATH,BOY,2006,479.0
346,USA,MATH,BOY,2009,497.0
347,USA,MATH,BOY,2012,483.647
348,USA,MATH,BOY,2015,474.0
349,USA,MATH,BOY,2018,482.0
350,USA,MATH,GIRL,2003,480.0
351,USA,MATH,GIRL,2006,470.0
352,USA,MATH,GIRL,2009,477.0
353,USA,MATH,GIRL,2012,478.995
354,USA,MATH,GIRL,2015,465.0
355,USA,MATH,GIRL,2018,474.0
356,BRA,MATH,BOY,2003,365.0
357,BRA,MATH,BOY,2006,380.0
358,BRA,MATH,BOY,2009,394.0
359,BRA,MATH,BOY,2012,400.769
360,BRA,MATH,BOY,2015,385.0
361,BRA,MATH,BOY,2018,388.0
362,BRA,MATH,GIRL,2003,348.0
363,BRA,MATH,GIRL,2006,361.0
364,BRA,MATH,GIRL,2009,379.0
365,BRA,MATH,GIRL,2012,382.925
366,BRA,MATH,GIRL,2015,370.0
367,BRA,MATH,GIRL,2018,379.0
368,CHL,MATH,BOY,2006,424.0
369,CHL,MATH,BOY,2009,431.0
370,CHL,MATH,BOY,2012,435.525
371,CHL,MATH,BOY,2015,432.0
372,CHL,MATH,BOY,2018,421.0
373,CHL,MATH,GIRL,2006,396.0
374,CHL,MATH,GIRL,2009,410.0
375,CHL,MATH,GIRL,2012,410.543
376,CHL,MATH,GIRL,2015,413.0
377,CHL,MATH,GIRL,2018,414.0
378,EST,MATH,BOY,2006,515.0
379,EST,MATH,BOY,2009,516.0
380,EST,MATH,BOY,2012,523.214
381,EST,MATH,BOY,2015,522.0
382,EST,MATH,BOY,2018,528.0
383,EST,MATH,GIRL,2006,514.0
384,EST,MATH,GIRL,2009,508.0
385,EST,MATH,GIRL,2012,517.93
386,EST,MATH,GIRL,2015,517.0
387,EST,MATH,GIRL,2018,519.0
388,IDN,MATH,BOY,2003,362.0
389,IDN,MATH,BOY,2006,399.0
390,IDN,MATH,BOY,2009,371.0
391,IDN,MATH,BOY,2012,377.376
392,IDN,MATH,BOY,2015,385.0
393,IDN,MATH,BOY,2018,374.0
394,IDN,MATH,GIRL,2003,358.0
395,IDN,MATH,GIRL,2006,382.0
396,IDN,MATH,GIRL,2009,372.0
397,IDN,MATH,GIRL,2012,372.785
398,IDN,MATH,GIRL,2015,387.0
399,IDN,MATH,GIRL,2018,383.0
400,ISR,MATH,BOY,2006,448.0
401,ISR,MATH,BOY,2009,451.0
402,ISR,MATH,BOY,2012,472.398
403,ISR,MATH,BOY,2015,474.0
404,ISR,MATH,BOY,2018,458.0
405,ISR,MATH,GIRL,2006,436.0
406,ISR,MATH,GIRL,2009,443.0
407,ISR,MATH,GIRL,2012,460.749
408,ISR,MATH,GIRL,2015,466.0
409,ISR,MATH,GIRL,2018,467.0
410,RUS,MATH,BOY,2003,473.0
411,RUS,MATH,BOY,2009,469.0
412,RUS,MATH,BOY,2012,481.394
413,RUS,MATH,BOY,2015,497.0
414,RUS,MATH,BOY,2018,490.0
415,RUS,MATH,GIRL,2003,463.0
416,RUS,MATH,GIRL,2009,467.0
417,RUS,MATH,GIRL,2012,482.944
418,RUS,MATH,GIRL,2015,491.0
419,RUS,MATH,GIRL,2018,485.0
420,SVN,MATH,BOY,2006,507.0
421,SVN,MATH,BOY,2009,502.0
422,SVN,MATH,BOY,2012,502.748
423,SVN,MATH,BOY,2015,512.0
424,SVN,MATH,BOY,2018,509.0
425,SVN,MATH,GIRL,2006,502.0
426,SVN,MATH,GIRL,2009,501.0
427,SVN,MATH,GIRL,2012,499.387
428,SVN,MATH,GIRL,2015,508.0
429,SVN,MATH,GIRL,2018,509.0
430,OAVG,MATH,BOY,2003,505.333
431,OAVG,MATH,BOY,2006,499.706
432,OAVG,MATH,BOY,2009,501.382
433,OAVG,MATH,BOY,2012,499.421
434,OAVG,MATH,BOY,2015,494.0
435,OAVG,MATH,BOY,2018,492.0
436,OAVG,MATH,GIRL,2003,494.833
437,OAVG,MATH,GIRL,2006,488.588
438,OAVG,MATH,GIRL,2009,489.794
439,OAVG,MATH,GIRL,2012,488.551
440,OAVG,MATH,GIRL,2015,486.0
441,OAVG,MATH,GIRL,2018,487.0
442,LVA,MATH,BOY,2015,481.0
443,LVA,MATH,BOY,2018,500.0
444,LVA,MATH,GIRL,2015,483.0
445,LVA,MATH,GIRL,2018,493.0
446,AUS,MATH,BOY & GIRL,2003,524.0
447,AUS,MATH,BOY & GIRL,2006,520.0
448,AUS,MATH,BOY & GIRL,2009,514.0
449,AUS,MATH,BOY & GIRL,2012,504.0
450,AUS,MATH,BOY & GIRL,2015,494.0
451,AUS,MATH,BOY & GIRL,2018,491.0
452,AUT,MATH,BOY & GIRL,2003,506.0
453,AUT,MATH,BOY & GIRL,2006,505.0
454,AUT,MATH,BOY & GIRL,2012,506.0
455,AUT,MATH,BOY & GIRL,2015,497.0
456,AUT,MATH,BOY & GIRL,2018,499.0
457,BEL,MATH,BOY & GIRL,2003,529.0
458,BEL,MATH,BOY & GIRL,2006,520.0
459,BEL,MATH,BOY & GIRL,2009,515.0
460,BEL,MATH,BOY & GIRL,2012,515.0
461,BEL,MATH,BOY & GIRL,2015,507.0
462,BEL,MATH,BOY & GIRL,2018,508.0
463,CAN,MATH,BOY & GIRL,2003,532.0
464,CAN,MATH,BOY & GIRL,2006,527.0
465,CAN,MATH,BOY & GIRL,2009,527.0
466,CAN,MATH,BOY & GIRL,2012,518.0
467,CAN,MATH,BOY & GIRL,2015,516.0
468,CAN,MATH,BOY & GIRL,2018,512.0
469,CZE,MATH,BOY & GIRL,2003,516.0
470,CZE,MATH,BOY & GIRL,2006,510.0
471,CZE,MATH,BOY & GIRL,2009,493.0
472,CZE,MATH,BOY & GIRL,2012,499.0
473,CZE,MATH,BOY & GIRL,2015,492.0
474,CZE,MATH,BOY & GIRL,2018,499.0
475,DNK,MATH,BOY & GIRL,2003,514.0
476,DNK,MATH,BOY & GIRL,2006,513.0
477,DNK,MATH,BOY & GIRL,2009,503.0
478,DNK,MATH,BOY & GIRL,2012,500.0
479,DNK,MATH,BOY & GIRL,2015,511.0
480,DNK,MATH,BOY & GIRL,2018,509.0
481,FIN,MATH,BOY & GIRL,2003,544.0
482,FIN,MATH,BOY & GIRL,2006,548.0
483,FIN,MATH,BOY & GIRL,2009,541.0
484,FIN,MATH,BOY & GIRL,2012,519.0
485,FIN,MATH,BOY & GIRL,2015,511.0
486,FIN,MATH,BOY & GIRL,2018,507.0
487,FRA,MATH,BOY & GIRL,2003,511.0
488,FRA,MATH,BOY & GIRL,2006,496.0
489,FRA,MATH,BOY & GIRL,2009,497.0
490,FRA,MATH,BOY & GIRL,2012,495.0
491,FRA,MATH,BOY & GIRL,2015,493.0
492,FRA,MATH,BOY & GIRL,2018,495.0
493,DEU,MATH,BOY & GIRL,2003,503.0
494,DEU,MATH,BOY & GIRL,2006,504.0
495,DEU,MATH,BOY & GIRL,2009,513.0
496,DEU,MATH,BOY & GIRL,2012,514.0
497,DEU,MATH,BOY & GIRL,2015,506.0
498,DEU,MATH,BOY & GIRL,2018,500.0
499,GRC,MATH,BOY & GIRL,2003,445.0
500,GRC,MATH,BOY & GIRL,2006,459.0
501,GRC,MATH,BOY & GIRL,2009,466.0
502,GRC,MATH,BOY & GIRL,2012,453.0
503,GRC,MATH,BOY & GIRL,2015,454.0
504,GRC,MATH,BOY & GIRL,2018,451.0
505,HUN,MATH,BOY & GIRL,2003,490.0
506,HUN,MATH,BOY & GIRL,2006,491.0
507,HUN,MATH,BOY & GIRL,2009,490.0
508,HUN,MATH,BOY & GIRL,2012,477.0
509,HUN,MATH,BOY & GIRL,2015,477.0
510,HUN,MATH,BOY & GIRL,2018,481.0
511,ISL,MATH,BOY & GIRL,2003,515.0
512,ISL,MATH,BOY & GIRL,2006,506.0
513,ISL,MATH,BOY & GIRL,2009,507.0
514,ISL,MATH,BOY & GIRL,2012,493.0
515,ISL,MATH,BOY & GIRL,2015,488.0
516,ISL,MATH,BOY & GIRL,2018,495.0
517,IRL,MATH,BOY & GIRL,2003,503.0
518,IRL,MATH,BOY & GIRL,2006,501.0
519,IRL,MATH,BOY & GIRL,2009,487.0
520,IRL,MATH,BOY & GIRL,2012,501.0
521,IRL,MATH,BOY & GIRL,2015,504.0
522,IRL,MATH,BOY & GIRL,2018,500.0
523,ITA,MATH,BOY & GIRL,2003,466.0
524,ITA,MATH,BOY & GIRL,2006,462.0
525,ITA,MATH,BOY & GIRL,2009,483.0
526,ITA,MATH,BOY & GIRL,2012,485.0
527,ITA,MATH,BOY & GIRL,2015,490.0
528,ITA,MATH,BOY & GIRL,2018,487.0
529,JPN,MATH,BOY & GIRL,2003,534.0
530,JPN,MATH,BOY & GIRL,2006,523.0
531,JPN,MATH,BOY & GIRL,2009,529.0
532,JPN,MATH,BOY & GIRL,2012,536.0
533,JPN,MATH,BOY & GIRL,2015,532.0
534,JPN,MATH,BOY & GIRL,2018,527.0
535,KOR,MATH,BOY & GIRL,2003,542.0
536,KOR,MATH,BOY & GIRL,2006,547.0
537,KOR,MATH,BOY & GIRL,2009,546.0
538,KOR,MATH,BOY & GIRL,2012,554.0
539,KOR,MATH,BOY & GIRL,2015,524.0
540,KOR,MATH,BOY & GIRL,2018,526.0
541,LUX,MATH,BOY & GIRL,2003,493.0
542,LUX,MATH,BOY & GIRL,2006,490.0
543,LUX,MATH,BOY & GIRL,2009,489.0
544,LUX,MATH,BOY & GIRL,2012,490.0
545,LUX,MATH,BOY & GIRL,2015,486.0
546,LUX,MATH,BOY & GIRL,2018,483.0
547,MEX,MATH,BOY & GIRL,2003,385.0
548,MEX,MATH,BOY & GIRL,2006,406.0
549,MEX,MATH,BOY & GIRL,2009,419.0
550,MEX,MATH,BOY & GIRL,2012,413.0
551,MEX,MATH,BOY & GIRL,2015,408.0
552,MEX,MATH,BOY & GIRL,2018,409.0
553,NLD,MATH,BOY & GIRL,2003,538.0
554,NLD,MATH,BOY & GIRL,2006,531.0
555,NLD,MATH,BOY & GIRL,2009,526.0
556,NLD,MATH,BOY & GIRL,2012,523.0
557,NLD,MATH,BOY & GIRL,2015,512.0
558,NLD,MATH,BOY & GIRL,2018,519.0
559,NZL,MATH,BOY & GIRL,2003,523.0
560,NZL,MATH,BOY & GIRL,2006,522.0
561,NZL,MATH,BOY & GIRL,2009,519.0
562,NZL,MATH,BOY & GIRL,2012,500.0
563,NZL,MATH,BOY & GIRL,2015,495.0
564,NZL,MATH,BOY & GIRL,2018,494.0
565,NOR,MATH,BOY & GIRL,2003,495.0
566,NOR,MATH,BOY & GIRL,2006,490.0
567,NOR,MATH,BOY & GIRL,2009,498.0
568,NOR,MATH,BOY & GIRL,2012,489.0
569,NOR,MATH,BOY & GIRL,2015,502.0
570,NOR,MATH,BOY & GIRL,2018,501.0
571,POL,MATH,BOY & GIRL,2003,490.0
572,POL,MATH,BOY & GIRL,2006,495.0
573,POL,MATH,BOY & GIRL,2009,495.0
574,POL,MATH,BOY & GIRL,2012,518.0
575,POL,MATH,BOY & GIRL,2015,504.0
576,POL,MATH,BOY & GIRL,2018,516.0
577,PRT,MATH,BOY & GIRL,2003,466.0
578,PRT,MATH,BOY & GIRL,2006,466.0
579,PRT,MATH,BOY & GIRL,2009,487.0
580,PRT,MATH,BOY & GIRL,2012,487.0
581,PRT,MATH,BOY & GIRL,2015,492.0
582,PRT,MATH,BOY & GIRL,2018,492.0
583,SVK,MATH,BOY & GIRL,2003,498.0
584,SVK,MATH,BOY & GIRL,2006,492.0
585,SVK,MATH,BOY & GIRL,2009,497.0
586,SVK,MATH,BOY & GIRL,2012,482.0
587,SVK,MATH,BOY & GIRL,2015,475.0
588,SVK,MATH,BOY & GIRL,2018,486.0
589,ESP,MATH,BOY & GIRL,2003,485.0
590,ESP,MATH,BOY & GIRL,2006,480.0
591,ESP,MATH,BOY & GIRL,2009,483.0
592,ESP,MATH,BOY & GIRL,2012,484.0
593,ESP,MATH,BOY & GIRL,2015,486.0
594,ESP,MATH,BOY & GIRL,2018,481.0
595,SWE,MATH,BOY & GIRL,2003,509.0
596,SWE,MATH,BOY & GIRL,2006,502.0
597,SWE,MATH,BOY & GIRL,2009,494.0
598,SWE,MATH,BOY & GIRL,2012,478.0
599,SWE,MATH,BOY & GIRL,2015,494.0
600,SWE,MATH,BOY & GIRL,2018,502.0
601,CHE,MATH,BOY & GIRL,2003,527.0
602,CHE,MATH,BOY & GIRL,2006,530.0
603,CHE,MATH,BOY & GIRL,2009,534.0
604,CHE,MATH,BOY & GIRL,2012,531.0
605,CHE,MATH,BOY & GIRL,2015,521.0
606,CHE,MATH,BOY & GIRL,2018,515.0
607,TUR,MATH,BOY & GIRL,2003,423.0
608,TUR,MATH,BOY & GIRL,2006,424.0
609,TUR,MATH,BOY & GIRL,2009,445.0
610,TUR,MATH,BOY & GIRL,2012,448.0
611,TUR,MATH,BOY & GIRL,2015,420.0
612,TUR,MATH,BOY & GIRL,2018,454.0
613,GBR,MATH,BOY & GIRL,2006,495.0
614,GBR,MATH,BOY & GIRL,2009,492.0
615,GBR,MATH,BOY & GIRL,2012,494.0
616,GBR,MATH,BOY & GIRL,2015,492.0
617,GBR,MATH,BOY & GIRL,2018,502.0
618,USA,MATH,BOY & GIRL,2003,483.0
619,USA,MATH,BOY & GIRL,2006,474.0
620,USA,MATH,BOY & GIRL,2009,487.0
621,USA,MATH,BOY & GIRL,2012,481.0
622,USA,MATH,BOY & GIRL,2015,470.0
623,USA,MATH,BOY & GIRL,2018,478.0
624,BRA,MATH,BOY & GIRL,2003,356.0
625,BRA,MATH,BOY & GIRL,2006,370.0
626,BRA,MATH,BOY & GIRL,2009,386.0
627,BRA,MATH,BOY & GIRL,2012,389.0
628,BRA,MATH,BOY & GIRL,2015,377.0
629,BRA,MATH,BOY & GIRL,2018,384.0
630,CHL,MATH,BOY & GIRL,2006,411.0
631,CHL,MATH,BOY & GIRL,2009,421.0
632,CHL,MATH,BOY & GIRL,2012,423.0
633,CHL,MATH,BOY & GIRL,2015,423.0
634,CHL,MATH,BOY & GIRL,2018,417.0
635,EST,MATH,BOY & GIRL,2006,515.0
636,EST,MATH,BOY & GIRL,2009,512.0
637,EST,MATH,BOY & GIRL,2012,521.0
638,EST,MATH,BOY & GIRL,2015,520.0
639,EST,MATH,BOY & GIRL,2018,523.0
640,IDN,MATH,BOY & GIRL,2003,360.0
641,IDN,MATH,BOY & GIRL,2006,391.0
642,IDN,MATH,BOY & GIRL,2009,371.0
643,IDN,MATH,BOY & GIRL,2012,375.0
644,IDN,MATH,BOY & GIRL,2015,386.0
645,IDN,MATH,BOY & GIRL,2018,379.0
646,ISR,MATH,BOY & GIRL,2006,442.0
647,ISR,MATH,BOY & GIRL,2009,447.0
648,ISR,MATH,BOY & GIRL,2012,466.0
649,ISR,MATH,BOY & GIRL,2015,470.0
650,ISR,MATH,BOY & GIRL,2018,463.0
651,LVA,MATH,BOY & GIRL,2003,483.0
652,LVA,MATH,BOY & GIRL,2006,486.0
653,LVA,MATH,BOY & GIRL,2009,482.0
654,LVA,MATH,BOY & GIRL,2012,491.0
655,LVA,MATH,BOY & GIRL,2015,482.0
656,LVA,MATH,BOY & GIRL,2018,496.0
657,RUS,MATH,BOY & GIRL,2003,468.0
658,RUS,MATH,BOY & GIRL,2006,476.0
659,RUS,MATH,BOY & GIRL,2009,468.0
660,RUS,MATH,BOY & GIRL,2012,482.0
661,RUS,MATH,BOY & GIRL,2015,494.0
662,RUS,MATH,BOY & GIRL,2018,488.0
663,SGP,MATH,BOY,2015,564.0
664,SGP,MATH,GIRL,2015,564.0
665,SVN,MATH,BOY & GIRL,2006,504.0
666,SVN,MATH,BOY & GIRL,2009,501.0
667,SVN,MATH,BOY & GIRL,2012,501.0
668,SVN,MATH,BOY & GIRL,2015,510.0
669,SVN,MATH,BOY & GIRL,2018,509.0
670,OAVG,MATH,BOY & GIRL,2006,494.0
671,OAVG,MATH,BOY & GIRL,2009,495.0
672,OAVG,MATH,BOY & GIRL,2012,494.0
673,OAVG,MATH,BOY & GIRL,2015,490.0
674,OAVG,MATH,BOY & GIRL,2018,489.0
675,COL,MATH,BOY & GIRL,2015,390.0
676,COL,MATH,BOY & GIRL,2018,391.0
677,COL,MATH,BOY,2015,395.0
678,COL,MATH,BOY,2018,401.0
679,COL,MATH,GIRL,2015,384.0
680,COL,MATH,GIRL,2018,381.0
681,HKG,MATH,BOY & GIRL,2015,548.0
682,HKG,MATH,BOY,2015,549.0
683,HKG,MATH,GIRL,2015,547.0
684,PER,MATH,BOY & GIRL,2015,387.0
685,PER,MATH,BOY,2015,391.0
686,PER,MATH,GIRL,2015,382.0
687,SGP,MATH,BOY & GIRL,2015,564.0
688,TWN,MATH,BOY & GIRL,2015,542.0
689,TWN,MATH,BOY,2015,545.0
690,TWN,MATH,GIRL,2015,539.0
691,MAC,MATH,BOY & GIRL,2015,544.0
692,MAC,MATH,BOY,2015,540.0
693,MAC,MATH,GIRL,2015,548.0
694,CRI,MATH,BOY & GIRL,2018,402.0
695,CRI,MATH,BOY,2018,411.0
696,CRI,MATH,GIRL,2018,394.0
697,LTU,MATH,BOY & GIRL,2018,481.0
698,LTU,MATH,BOY,2018,480.0
699,LTU,MATH,GIRL,2018,482.0
700,AUS,READ,BOY,2000,513.0
701,AUS,READ,BOY,2003,506.0
702,AUS,READ,BOY,2006,495.0
703,AUS,READ,BOY,2009,496.0
704,AUS,READ,BOY,2012,495.09
705,AUS,READ,BOY,2015,487.0
706,AUS,READ,BOY,2018,487.0
707,AUS,READ,GIRL,2000,546.0
708,AUS,READ,GIRL,2003,545.0
709,AUS,READ,GIRL,2006,532.0
710,AUS,READ,GIRL,2009,533.0
711,AUS,READ,GIRL,2012,529.542
712,AUS,READ,GIRL,2015,519.0
713,AUS,READ,GIRL,2018,519.0
714,AUT,READ,BOY,2000,476.0
715,AUT,READ,BOY,2003,467.0
716,AUT,READ,BOY,2006,468.0
717,AUT,READ,BOY,2012,471.093
718,AUT,READ,BOY,2015,475.0
719,AUT,READ,BOY,2018,471.0
720,AUT,READ,GIRL,2000,509.0
721,AUT,READ,GIRL,2003,514.0
722,AUT,READ,GIRL,2006,513.0
723,AUT,READ,GIRL,2012,508.021
724,AUT,READ,GIRL,2015,495.0
725,AUT,READ,GIRL,2018,499.0
726,BEL,READ,BOY,2000,492.0
727,BEL,READ,BOY,2003,489.0
728,BEL,READ,BOY,2006,482.0
729,BEL,READ,BOY,2009,493.0
730,BEL,READ,BOY,2012,492.755
731,BEL,READ,BOY,2015,491.0
732,BEL,READ,BOY,2018,482.0
733,BEL,READ,GIRL,2000,525.0
734,BEL,READ,GIRL,2003,526.0
735,BEL,READ,GIRL,2006,522.0
736,BEL,READ,GIRL,2009,520.0
737,BEL,READ,GIRL,2012,524.602
738,BEL,READ,GIRL,2015,507.0
739,BEL,READ,GIRL,2018,504.0
740,CAN,READ,BOY,2000,519.0
741,CAN,READ,BOY,2003,514.0
742,CAN,READ,BOY,2006,511.0
743,CAN,READ,BOY,2009,507.0
744,CAN,READ,BOY,2012,505.512
745,CAN,READ,BOY,2015,514.0
746,CAN,READ,BOY,2018,506.0
747,CAN,READ,GIRL,2000,551.0
748,CAN,READ,GIRL,2003,546.0
749,CAN,READ,GIRL,2006,543.0
750,CAN,READ,GIRL,2009,542.0
751,CAN,READ,GIRL,2012,540.657
752,CAN,READ,GIRL,2015,540.0
753,CAN,READ,GIRL,2018,535.0
754,CZE,READ,BOY,2000,473.0
755,CZE,READ,BOY,2003,473.0
756,CZE,READ,BOY,2006,463.0
757,CZE,READ,BOY,2009,456.0
758,CZE,READ,BOY,2012,473.983
759,CZE,READ,BOY,2015,475.0
760,CZE,READ,BOY,2018,474.0
761,CZE,READ,GIRL,2000,510.0
762,CZE,READ,GIRL,2003,504.0
763,CZE,READ,GIRL,2006,509.0
764,CZE,READ,GIRL,2009,504.0
765,CZE,READ,GIRL,2012,512.79
766,CZE,READ,GIRL,2015,501.0
767,CZE,READ,GIRL,2018,507.0
768,DNK,READ,BOY,2000,485.0
769,DNK,READ,BOY,2003,479.0
770,DNK,READ,BOY,2006,480.0
771,DNK,READ,BOY,2009,480.0
772,DNK,READ,BOY,2012,480.89
773,DNK,READ,BOY,2015,489.0
774,DNK,READ,BOY,2018,486.0
775,DNK,READ,GIRL,2000,510.0
776,DNK,READ,GIRL,2003,505.0
777,DNK,READ,GIRL,2006,509.0
778,DNK,READ,GIRL,2009,509.0
779,DNK,READ,GIRL,2012,511.529
780,DNK,READ,GIRL,2015,511.0
781,DNK,READ,GIRL,2018,516.0
782,FIN,READ,BOY,2000,520.0
783,FIN,READ,BOY,2003,521.0
784,FIN,READ,BOY,2006,521.0
785,FIN,READ,BOY,2009,508.0
786,FIN,READ,BOY,2012,494.006
787,FIN,READ,BOY,2015,504.0
788,FIN,READ,BOY,2018,495.0
789,FIN,READ,GIRL,2000,571.0
790,FIN,READ,GIRL,2003,565.0
791,FIN,READ,GIRL,2006,572.0
792,FIN,READ,GIRL,2009,563.0
793,FIN,READ,GIRL,2012,555.708
794,FIN,READ,GIRL,2015,551.0
795,FIN,READ,GIRL,2018,546.0
796,FRA,READ,BOY,2000,490.0
797,FRA,READ,BOY,2003,476.0
798,FRA,READ,BOY,2006,470.0
799,FRA,READ,BOY,2009,475.0
800,FRA,READ,BOY,2012,482.972
801,FRA,READ,BOY,2015,485.0
802,FRA,READ,BOY,2018,480.0
803,FRA,READ,GIRL,2000,519.0
804,FRA,READ,GIRL,2003,514.0
805,FRA,READ,GIRL,2006,505.0
806,FRA,READ,GIRL,2009,515.0
807,FRA,READ,GIRL,2012,526.765
808,FRA,READ,GIRL,2015,514.0
809,FRA,READ,GIRL,2018,505.0
810,DEU,READ,BOY,2000,468.0
811,DEU,READ,BOY,2003,471.0
812,DEU,READ,BOY,2006,475.0
813,DEU,READ,BOY,2009,478.0
814,DEU,READ,BOY,2012,486.0
815,DEU,READ,BOY,2015,499.0
816,DEU,READ,BOY,2018,486.0
817,DEU,READ,GIRL,2000,502.0
818,DEU,READ,GIRL,2003,513.0
819,DEU,READ,GIRL,2006,517.0
820,DEU,READ,GIRL,2009,518.0
821,DEU,READ,GIRL,2012,530.119
822,DEU,READ,GIRL,2015,520.0
823,DEU,READ,GIRL,2018,512.0
824,GRC,READ,BOY,2000,456.0
825,GRC,READ,BOY,2003,453.0
826,GRC,READ,BOY,2006,432.0
827,GRC,READ,BOY,2009,459.0
828,GRC,READ,BOY,2012,451.718
829,GRC,READ,BOY,2015,449.0
830,GRC,READ,BOY,2018,437.0
831,GRC,READ,GIRL,2000,493.0
832,GRC,READ,GIRL,2003,490.0
833,GRC,READ,GIRL,2006,488.0
834,GRC,READ,GIRL,2009,506.0
835,GRC,READ,GIRL,2012,502.198
836,GRC,READ,GIRL,2015,486.0
837,GRC,READ,GIRL,2018,479.0
838,HUN,READ,BOY,2000,465.0
839,HUN,READ,BOY,2003,467.0
840,HUN,READ,BOY,2006,463.0
841,HUN,READ,BOY,2009,475.0
842,HUN,READ,BOY,2012,467.964
843,HUN,READ,BOY,2015,457.0
844,HUN,READ,BOY,2018,463.0
845,HUN,READ,GIRL,2000,496.0
846,HUN,READ,GIRL,2003,498.0
847,HUN,READ,GIRL,2006,503.0
848,HUN,READ,GIRL,2009,513.0
849,HUN,READ,GIRL,2012,507.549
850,HUN,READ,GIRL,2015,482.0
851,HUN,READ,GIRL,2018,489.0
852,ISL,READ,BOY,2000,488.0
853,ISL,READ,BOY,2003,464.0
854,ISL,READ,BOY,2006,460.0
855,ISL,READ,BOY,2009,478.0
856,ISL,READ,BOY,2012,457.275
857,ISL,READ,BOY,2015,460.0
858,ISL,READ,BOY,2018,454.0
859,ISL,READ,GIRL,2000,528.0
860,ISL,READ,GIRL,2003,522.0
861,ISL,READ,GIRL,2006,509.0
862,ISL,READ,GIRL,2009,522.0
863,ISL,READ,GIRL,2012,508.39
864,ISL,READ,GIRL,2015,502.0
865,ISL,READ,GIRL,2018,494.0
866,IRL,READ,BOY,2000,513.0
867,IRL,READ,BOY,2003,501.0
868,IRL,READ,BOY,2006,500.0
869,IRL,READ,BOY,2009,476.0
870,IRL,READ,BOY,2012,509.153
871,IRL,READ,BOY,2015,515.0
872,IRL,READ,BOY,2018,506.0
873,IRL,READ,GIRL,2000,542.0
874,IRL,READ,GIRL,2003,530.0
875,IRL,READ,GIRL,2006,534.0
876,IRL,READ,GIRL,2009,515.0
877,IRL,READ,GIRL,2012,537.669
878,IRL,READ,GIRL,2015,527.0
879,IRL,READ,GIRL,2018,530.0
880,ITA,READ,BOY,2000,469.0
881,ITA,READ,BOY,2003,455.0
882,ITA,READ,BOY,2006,448.0
883,ITA,READ,BOY,2009,464.0
884,ITA,READ,BOY,2012,470.938
885,ITA,READ,BOY,2015,477.0
886,ITA,READ,BOY,2018,464.0
887,ITA,READ,GIRL,2000,507.0
888,ITA,READ,GIRL,2003,495.0
889,ITA,READ,GIRL,2006,489.0
890,ITA,READ,GIRL,2009,510.0
891,ITA,READ,GIRL,2012,509.945
892,ITA,READ,GIRL,2015,493.0
893,ITA,READ,GIRL,2018,489.0
894,JPN,READ,BOY,2000,507.0
895,JPN,READ,BOY,2003,487.0
896,JPN,READ,BOY,2006,483.0
897,JPN,READ,BOY,2009,501.0
898,JPN,READ,BOY,2012,526.618
899,JPN,READ,BOY,2015,509.0
900,JPN,READ,BOY,2018,493.0
901,JPN,READ,GIRL,2000,537.0
902,JPN,READ,GIRL,2003,509.0
903,JPN,READ,GIRL,2006,513.0
904,JPN,READ,GIRL,2009,540.0
905,JPN,READ,GIRL,2012,550.724
906,JPN,READ,GIRL,2015,523.0
907,JPN,READ,GIRL,2018,514.0
908,KOR,READ,BOY,2000,519.0
909,KOR,READ,BOY,2003,525.0
910,KOR,READ,BOY,2006,539.0
911,KOR,READ,BOY,2009,523.0
912,KOR,READ,BOY,2012,524.965
913,KOR,READ,BOY,2015,498.0
914,KOR,READ,BOY,2018,503.0
915,KOR,READ,GIRL,2000,533.0
916,KOR,READ,GIRL,2003,547.0
917,KOR,READ,GIRL,2006,574.0
918,KOR,READ,GIRL,2009,558.0
919,KOR,READ,GIRL,2012,548.207
920,KOR,READ,GIRL,2015,539.0
921,KOR,READ,GIRL,2018,526.0
922,LUX,READ,BOY,2000,429.0
923,LUX,READ,BOY,2003,463.0
924,LUX,READ,BOY,2006,464.0
925,LUX,READ,BOY,2009,453.0
926,LUX,READ,BOY,2012,473.046
927,LUX,READ,BOY,2015,471.0
928,LUX,READ,BOY,2018,456.0
929,LUX,READ,GIRL,2000,456.0
930,LUX,READ,GIRL,2003,496.0
931,LUX,READ,GIRL,2006,495.0
932,LUX,READ,GIRL,2009,492.0
933,LUX,READ,GIRL,2012,503.024
934,LUX,READ,GIRL,2015,492.0
935,LUX,READ,GIRL,2018,485.0
936,MEX,READ,BOY,2000,411.0
937,MEX,READ,BOY,2003,389.0
938,MEX,READ,BOY,2006,393.0
939,MEX,READ,BOY,2009,413.0
940,MEX,READ,BOY,2012,411.365
941,MEX,READ,BOY,2015,416.0
942,MEX,READ,BOY,2018,415.0
943,MEX,READ,GIRL,2000,432.0
944,MEX,READ,GIRL,2003,410.0
945,MEX,READ,GIRL,2006,427.0
946,MEX,READ,GIRL,2009,438.0
947,MEX,READ,GIRL,2012,435.272
948,MEX,READ,GIRL,2015,431.0
949,MEX,READ,GIRL,2018,426.0
950,NLD,READ,BOY,2003,503.0
951,NLD,READ,BOY,2006,495.0
952,NLD,READ,BOY,2009,496.0
953,NLD,READ,BOY,2012,498.317
954,NLD,READ,BOY,2015,491.0
955,NLD,READ,BOY,2018,470.0
956,NLD,READ,GIRL,2003,524.0
957,NLD,READ,GIRL,2006,519.0
958,NLD,READ,GIRL,2009,521.0
959,NLD,READ,GIRL,2012,524.761
960,NLD,READ,GIRL,2015,515.0
961,NLD,READ,GIRL,2018,499.0
962,NZL,READ,BOY,2000,507.0
963,NZL,READ,BOY,2003,508.0
964,NZL,READ,BOY,2006,502.0
965,NZL,READ,BOY,2009,499.0
966,NZL,READ,BOY,2012,495.365
967,NZL,READ,BOY,2015,493.0
968,NZL,READ,BOY,2018,491.0
969,NZL,READ,GIRL,2000,553.0
970,NZL,READ,GIRL,2003,535.0
971,NZL,READ,GIRL,2006,539.0
972,NZL,READ,GIRL,2009,544.0
973,NZL,READ,GIRL,2012,529.765
974,NZL,READ,GIRL,2015,526.0
975,NZL,READ,GIRL,2018,520.0
976,NOR,READ,BOY,2000,486.0
977,NOR,READ,BOY,2003,475.0
978,NOR,READ,BOY,2006,462.0
979,NOR,READ,BOY,2009,480.0
980,NOR,READ,BOY,2012,481.284
981,NOR,READ,BOY,2015,494.0
982,NOR,READ,BOY,2018,476.0
983,NOR,READ,GIRL,2000,529.0
984,NOR,READ,GIRL,2003,525.0
985,NOR,READ,GIRL,2006,508.0
986,NOR,READ,GIRL,2009,527.0
987,NOR,READ,GIRL,2012,527.771
988,NOR,READ,GIRL,2015,533.0
989,NOR,READ,GIRL,2018,523.0
990,POL,READ,BOY,2000,461.0
991,POL,READ,BOY,2003,477.0
992,POL,READ,BOY,2006,487.0
993,POL,READ,BOY,2009,476.0
994,POL,READ,BOY,2012,496.706
995,POL,READ,BOY,2015,491.0
996,POL,READ,BOY,2018,495.0
997,POL,READ,GIRL,2000,497.0
998,POL,READ,GIRL,2003,516.0
999,POL,READ,GIRL,2006,528.0
1000,POL,READ,GIRL,2009,525.0
1001,POL,READ,GIRL,2012,538.687
1002,POL,READ,GIRL,2015,521.0
1003,POL,READ,GIRL,2018,528.0
1004,PRT,READ,BOY,2000,458.0
1005,PRT,READ,BOY,2003,459.0
1006,PRT,READ,BOY,2006,455.0
1007,PRT,READ,BOY,2009,470.0
1008,PRT,READ,BOY,2012,468.39
1009,PRT,READ,BOY,2015,490.0
1010,PRT,READ,BOY,2018,480.0
1011,PRT,READ,GIRL,2000,482.0
1012,PRT,READ,GIRL,2003,495.0
1013,PRT,READ,GIRL,2006,488.0
1014,PRT,READ,GIRL,2009,508.0
1015,PRT,READ,GIRL,2012,507.562
1016,PRT,READ,GIRL,2015,507.0
1017,PRT,READ,GIRL,2018,504.0
1018,SVK,READ,BOY,2003,453.0
1019,SVK,READ,BOY,2006,446.0
1020,SVK,READ,BOY,2009,452.0
1021,SVK,READ,BOY,2012,444.081
1022,SVK,READ,BOY,2015,435.0
1023,SVK,READ,BOY,2018,441.0
1024,SVK,READ,GIRL,2003,486.0
1025,SVK,READ,GIRL,2006,488.0
1026,SVK,READ,GIRL,2009,503.0
1027,SVK,READ,GIRL,2012,483.303
1028,SVK,READ,GIRL,2015,471.0
1029,SVK,READ,GIRL,2018,475.0
1030,ESP,READ,BOY,2000,481.0
1031,ESP,READ,BOY,2003,461.0
1032,ESP,READ,BOY,2006,443.0
1033,ESP,READ,BOY,2009,467.0
1034,ESP,READ,BOY,2012,473.806
1035,ESP,READ,BOY,2015,485.0
1036,ESP,READ,GIRL,2000,505.0
1037,ESP,READ,GIRL,2003,500.0
1038,ESP,READ,GIRL,2006,479.0
1039,ESP,READ,GIRL,2009,496.0
1040,ESP,READ,GIRL,2012,502.511
1041,ESP,READ,GIRL,2015,506.0
1042,SWE,READ,BOY,2000,499.0
1043,SWE,READ,BOY,2003,496.0
1044,SWE,READ,BOY,2006,488.0
1045,SWE,READ,BOY,2009,475.0
1046,SWE,READ,BOY,2012,457.991
1047,SWE,READ,BOY,2015,481.0
1048,SWE,READ,BOY,2018,489.0
1049,SWE,READ,GIRL,2000,536.0
1050,SWE,READ,GIRL,2003,533.0
1051,SWE,READ,GIRL,2006,528.0
1052,SWE,READ,GIRL,2009,521.0
1053,SWE,READ,GIRL,2012,509.135
1054,SWE,READ,GIRL,2015,520.0
1055,SWE,READ,GIRL,2018,523.0
1056,CHE,READ,BOY,2000,480.0
1057,CHE,READ,BOY,2003,482.0
1058,CHE,READ,BOY,2006,484.0
1059,CHE,READ,BOY,2009,481.0
1060,CHE,READ,BOY,2012,491.074
1061,CHE,READ,BOY,2015,480.0
1062,CHE,READ,BOY,2018,469.0
1063,CHE,READ,GIRL,2000,510.0
1064,CHE,READ,GIRL,2003,517.0
1065,CHE,READ,GIRL,2006,515.0
1066,CHE,READ,GIRL,2009,520.0
1067,CHE,READ,GIRL,2012,527.064
1068,CHE,READ,GIRL,2015,505.0
1069,CHE,READ,GIRL,2018,500.0
1070,TUR,READ,BOY,2003,426.0
1071,TUR,READ,BOY,2006,427.0
1072,TUR,READ,BOY,2009,443.0
1073,TUR,READ,BOY,2012,452.843
1074,TUR,READ,BOY,2015,414.0
1075,TUR,READ,BOY,2018,453.0
1076,TUR,READ,GIRL,2003,459.0
1077,TUR,READ,GIRL,2006,471.0
1078,TUR,READ,GIRL,2009,486.0
1079,TUR,READ,GIRL,2012,498.64
1080,TUR,READ,GIRL,2015,442.0
1081,TUR,READ,GIRL,2018,478.0
1082,GBR,READ,BOY,2006,480.0
1083,GBR,READ,BOY,2009,481.0
1084,GBR,READ,BOY,2012,486.631
1085,GBR,READ,BOY,2015,487.0
1086,GBR,READ,BOY,2018,494.0
1087,GBR,READ,GIRL,2006,510.0
1088,GBR,READ,GIRL,2009,507.0
1089,GBR,READ,GIRL,2012,511.534
1090,GBR,READ,GIRL,2015,509.0
1091,GBR,READ,GIRL,2018,514.0
1092,USA,READ,BOY,2000,490.0
1093,USA,READ,BOY,2003,479.0
1094,USA,READ,BOY,2009,488.0
1095,USA,READ,BOY,2012,482.498
1096,USA,READ,BOY,2015,487.0
1097,USA,READ,BOY,2018,494.0
1098,USA,READ,GIRL,2000,518.0
1099,USA,READ,GIRL,2003,511.0
1100,USA,READ,GIRL,2009,513.0
1101,USA,READ,GIRL,2012,513.269
1102,USA,READ,GIRL,2015,507.0
1103,USA,READ,GIRL,2018,517.0
1104,BRA,READ,BOY,2000,388.0
1105,BRA,READ,BOY,2003,384.0
1106,BRA,READ,BOY,2006,376.0
1107,BRA,READ,BOY,2009,397.0
1108,BRA,READ,BOY,2012,394.184
1109,BRA,READ,BOY,2015,395.0
1110,BRA,READ,BOY,2018,400.0
1111,BRA,READ,GIRL,2000,404.0
1112,BRA,READ,GIRL,2003,419.0
1113,BRA,READ,GIRL,2006,408.0
1114,BRA,READ,GIRL,2009,425.0
1115,BRA,READ,GIRL,2012,424.734
1116,BRA,READ,GIRL,2015,419.0
1117,BRA,READ,GIRL,2018,426.0
1118,CHL,READ,BOY,2000,396.0
1119,CHL,READ,BOY,2006,434.0
1120,CHL,READ,BOY,2009,439.0
1121,CHL,READ,BOY,2012,429.696
1122,CHL,READ,BOY,2015,453.0
1123,CHL,READ,BOY,2018,442.0
1124,CHL,READ,GIRL,2000,421.0
1125,CHL,READ,GIRL,2006,451.0
1126,CHL,READ,GIRL,2009,461.0
1127,CHL,READ,GIRL,2012,452.371
1128,CHL,READ,GIRL,2015,465.0
1129,CHL,READ,GIRL,2018,462.0
1130,EST,READ,BOY,2006,478.0
1131,EST,READ,BOY,2009,480.0
1132,EST,READ,BOY,2012,494.319
1133,EST,READ,BOY,2015,505.0
1134,EST,READ,BOY,2018,508.0
1135,EST,READ,GIRL,2006,524.0
1136,EST,READ,GIRL,2009,524.0
1137,EST,READ,GIRL,2012,537.833
1138,EST,READ,GIRL,2015,533.0
1139,EST,READ,GIRL,2018,538.0
1140,IDN,READ,BOY,2000,360.0
1141,IDN,READ,BOY,2003,369.0
1142,IDN,READ,BOY,2006,384.0
1143,IDN,READ,BOY,2009,383.0
1144,IDN,READ,BOY,2012,382.254
1145,IDN,READ,BOY,2015,386.0
1146,IDN,READ,BOY,2018,358.0
1147,IDN,READ,GIRL,2000,380.0
1148,IDN,READ,GIRL,2003,394.0
1149,IDN,READ,GIRL,2006,402.0
1150,IDN,READ,GIRL,2009,420.0
1151,IDN,READ,GIRL,2012,410.408
1152,IDN,READ,GIRL,2015,409.0
1153,IDN,READ,GIRL,2018,383.0
1154,ISR,READ,BOY,2000,444.0
1155,ISR,READ,BOY,2006,417.0
1156,ISR,READ,BOY,2009,452.0
1157,ISR,READ,BOY,2012,463.46
1158,ISR,READ,BOY,2015,467.0
1159,ISR,READ,BOY,2018,445.0
1160,ISR,READ,GIRL,2000,459.0
1161,ISR,READ,GIRL,2006,460.0
1162,ISR,READ,GIRL,2009,495.0
1163,ISR,READ,GIRL,2012,507.451
1164,ISR,READ,GIRL,2015,490.0
1165,ISR,READ,GIRL,2018,493.0
1166,RUS,READ,BOY,2000,443.0
1167,RUS,READ,BOY,2003,428.0
1168,RUS,READ,BOY,2009,437.0
1169,RUS,READ,BOY,2012,455.147
1170,RUS,READ,BOY,2015,481.0
1171,RUS,READ,BOY,2018,466.0
1172,RUS,READ,GIRL,2000,481.0
1173,RUS,READ,GIRL,2003,456.0
1174,RUS,READ,GIRL,2009,482.0
1175,RUS,READ,GIRL,2012,495.144
1176,RUS,READ,GIRL,2015,507.0
1177,RUS,READ,GIRL,2018,491.0
1178,SVN,READ,BOY,2006,467.0
1179,SVN,READ,BOY,2009,456.0
1180,SVN,READ,BOY,2012,454.466
1181,SVN,READ,BOY,2015,484.0
1182,SVN,READ,BOY,2018,475.0
1183,SVN,READ,GIRL,2006,521.0
1184,SVN,READ,GIRL,2009,511.0
1185,SVN,READ,GIRL,2012,510.15
1186,SVN,READ,GIRL,2015,528.0
1187,SVN,READ,GIRL,2018,517.0
1188,OAVG,READ,BOY,2000,479.552
1189,OAVG,READ,BOY,2003,477.033
1190,OAVG,READ,BOY,2006,470.061
1191,OAVG,READ,BOY,2009,474.088
1192,OAVG,READ,BOY,2012,477.832
1193,OAVG,READ,BOY,2015,479.0
1194,OAVG,READ,BOY,2018,472.0
1195,OAVG,READ,GIRL,2000,510.828
1196,OAVG,READ,GIRL,2003,511.667
1197,OAVG,READ,GIRL,2006,508.576
1198,OAVG,READ,GIRL,2009,513.235
1199,OAVG,READ,GIRL,2012,515.427
1200,OAVG,READ,GIRL,2015,506.0
1201,OAVG,READ,GIRL,2018,502.0
1202,LVA,READ,BOY,2015,467.0
1203,LVA,READ,BOY,2018,462.0
1204,LVA,READ,GIRL,2015,509.0
1205,LVA,READ,GIRL,2018,495.0
1206,AUS,READ,BOY & GIRL,2000,528.0
1207,AUS,READ,BOY & GIRL,2003,525.0
1208,AUS,READ,BOY & GIRL,2006,513.0
1209,AUS,READ,BOY & GIRL,2009,515.0
1210,AUS,READ,BOY & GIRL,2012,512.0
1211,AUS,READ,BOY & GIRL,2015,503.0
1212,AUS,READ,BOY & GIRL,2018,503.0
1213,AUT,READ,BOY & GIRL,2000,492.0
1214,AUT,READ,BOY & GIRL,2003,491.0
1215,AUT,READ,BOY & GIRL,2006,490.0
1216,AUT,READ,BOY & GIRL,2012,490.0
1217,AUT,READ,BOY & GIRL,2015,485.0
1218,AUT,READ,BOY & GIRL,2018,484.0
1219,BEL,READ,BOY & GIRL,2000,507.0
1220,BEL,READ,BOY & GIRL,2003,507.0
1221,BEL,READ,BOY & GIRL,2006,501.0
1222,BEL,READ,BOY & GIRL,2009,506.0
1223,BEL,READ,BOY & GIRL,2012,509.0
1224,BEL,READ,BOY & GIRL,2015,499.0
1225,BEL,READ,BOY & GIRL,2018,493.0
1226,CAN,READ,BOY & GIRL,2000,534.0
1227,CAN,READ,BOY & GIRL,2003,528.0
1228,CAN,READ,BOY & GIRL,2006,527.0
1229,CAN,READ,BOY & GIRL,2009,524.0
1230,CAN,READ,BOY & GIRL,2012,523.0
1231,CAN,READ,BOY & GIRL,2015,527.0
1232,CAN,READ,BOY & GIRL,2018,520.0
1233,CZE,READ,BOY & GIRL,2000,492.0
1234,CZE,READ,BOY & GIRL,2003,489.0
1235,CZE,READ,BOY & GIRL,2006,483.0
1236,CZE,READ,BOY & GIRL,2009,478.0
1237,CZE,READ,BOY & GIRL,2012,493.0
1238,CZE,READ,BOY & GIRL,2015,487.0
1239,CZE,READ,BOY & GIRL,2018,490.0
1240,DNK,READ,BOY & GIRL,2000,497.0
1241,DNK,READ,BOY & GIRL,2003,492.0
1242,DNK,READ,BOY & GIRL,2006,494.0
1243,DNK,READ,BOY & GIRL,2009,495.0
1244,DNK,READ,BOY & GIRL,2012,496.0
1245,DNK,READ,BOY & GIRL,2015,500.0
1246,DNK,READ,BOY & GIRL,2018,501.0
1247,FIN,READ,BOY & GIRL,2000,546.0
1248,FIN,READ,BOY & GIRL,2003,543.0
1249,FIN,READ,BOY & GIRL,2006,547.0
1250,FIN,READ,BOY & GIRL,2009,536.0
1251,FIN,READ,BOY & GIRL,2012,524.0
1252,FIN,READ,BOY & GIRL,2015,526.0
1253,FIN,READ,BOY & GIRL,2018,520.0
1254,FRA,READ,BOY & GIRL,2000,505.0
1255,FRA,READ,BOY & GIRL,2003,496.0
1256,FRA,READ,BOY & GIRL,2006,488.0
1257,FRA,READ,BOY & GIRL,2009,496.0
1258,FRA,READ,BOY & GIRL,2012,505.0
1259,FRA,READ,BOY & GIRL,2015,499.0
1260,FRA,READ,BOY & GIRL,2018,493.0
1261,DEU,READ,BOY & GIRL,2000,484.0
1262,DEU,READ,BOY & GIRL,2003,491.0
1263,DEU,READ,BOY & GIRL,2006,495.0
1264,DEU,READ,BOY & GIRL,2009,497.0
1265,DEU,READ,BOY & GIRL,2012,508.0
1266,DEU,READ,BOY & GIRL,2015,509.0
1267,DEU,READ,BOY & GIRL,2018,498.0
1268,GRC,READ,BOY & GIRL,2000,474.0
1269,GRC,READ,BOY & GIRL,2003,472.0
1270,GRC,READ,BOY & GIRL,2006,460.0
1271,GRC,READ,BOY & GIRL,2009,483.0
1272,GRC,READ,BOY & GIRL,2012,477.0
1273,GRC,READ,BOY & GIRL,2015,467.0
1274,GRC,READ,BOY & GIRL,2018,457.0
1275,HUN,READ,BOY & GIRL,2000,480.0
1276,HUN,READ,BOY & GIRL,2003,482.0
1277,HUN,READ,BOY & GIRL,2006,482.0
1278,HUN,READ,BOY & GIRL,2009,494.0
1279,HUN,READ,BOY & GIRL,2012,488.0
1280,HUN,READ,BOY & GIRL,2015,470.0
1281,HUN,READ,BOY & GIRL,2018,476.0
1282,ISL,READ,BOY & GIRL,2000,507.0
1283,ISL,READ,BOY & GIRL,2003,492.0
1284,ISL,READ,BOY & GIRL,2006,484.0
1285,ISL,READ,BOY & GIRL,2009,500.0
1286,ISL,READ,BOY & GIRL,2012,483.0
1287,ISL,READ,BOY & GIRL,2015,482.0
1288,ISL,READ,BOY & GIRL,2018,474.0
1289,IRL,READ,BOY & GIRL,2000,527.0
1290,IRL,READ,BOY & GIRL,2003,515.0
1291,IRL,READ,BOY & GIRL,2006,517.0
1292,IRL,READ,BOY & GIRL,2009,496.0
1293,IRL,READ,BOY & GIRL,2012,523.0
1294,IRL,READ,BOY & GIRL,2015,521.0
1295,IRL,READ,BOY & GIRL,2018,518.0
1296,ITA,READ,BOY & GIRL,2000,487.0
1297,ITA,READ,BOY & GIRL,2003,476.0
1298,ITA,READ,BOY & GIRL,2006,469.0
1299,ITA,READ,BOY & GIRL,2009,486.0
1300,ITA,READ,BOY & GIRL,2012,490.0
1301,ITA,READ,BOY & GIRL,2015,485.0
1302,ITA,READ,BOY & GIRL,2018,476.0
1303,JPN,READ,BOY & GIRL,2000,522.0
1304,JPN,READ,BOY & GIRL,2003,498.0
1305,JPN,READ,BOY & GIRL,2006,498.0
1306,JPN,READ,BOY & GIRL,2009,520.0
1307,JPN,READ,BOY & GIRL,2012,538.0
1308,JPN,READ,BOY & GIRL,2015,516.0
1309,JPN,READ,BOY & GIRL,2018,504.0
1310,KOR,READ,BOY & GIRL,2000,525.0
1311,KOR,READ,BOY & GIRL,2003,534.0
1312,KOR,READ,BOY & GIRL,2006,556.0
1313,KOR,READ,BOY & GIRL,2009,539.0
1314,KOR,READ,BOY & GIRL,2012,536.0
1315,KOR,READ,BOY & GIRL,2015,517.0
1316,KOR,READ,BOY & GIRL,2018,514.0
1317,LUX,READ,BOY & GIRL,2003,479.0
1318,LUX,READ,BOY & GIRL,2006,479.0
1319,LUX,READ,BOY & GIRL,2009,472.0
1320,LUX,READ,BOY & GIRL,2012,488.0
1321,LUX,READ,BOY & GIRL,2015,481.0
1322,LUX,READ,BOY & GIRL,2018,470.0
1323,MEX,READ,BOY & GIRL,2000,422.0
1324,MEX,READ,BOY & GIRL,2003,400.0
1325,MEX,READ,BOY & GIRL,2006,410.0
1326,MEX,READ,BOY & GIRL,2009,425.0
1327,MEX,READ,BOY & GIRL,2012,424.0
1328,MEX,READ,BOY & GIRL,2015,423.0
1329,MEX,READ,BOY & GIRL,2018,420.0
1330,NLD,READ,BOY & GIRL,2003,513.0
1331,NLD,READ,BOY & GIRL,2006,507.0
1332,NLD,READ,BOY & GIRL,2009,508.0
1333,NLD,READ,BOY & GIRL,2012,511.0
1334,NLD,READ,BOY & GIRL,2015,503.0
1335,NLD,READ,BOY & GIRL,2018,485.0
1336,NZL,READ,BOY & GIRL,2000,529.0
1337,NZL,READ,BOY & GIRL,2003,522.0
1338,NZL,READ,BOY & GIRL,2006,521.0
1339,NZL,READ,BOY & GIRL,2009,521.0
1340,NZL,READ,BOY & GIRL,2012,512.0
1341,NZL,READ,BOY & GIRL,2015,509.0
1342,NZL,READ,BOY & GIRL,2018,506.0
1343,NOR,READ,BOY & GIRL,2000,505.0
1344,NOR,READ,BOY & GIRL,2003,500.0
1345,NOR,READ,BOY & GIRL,2006,484.0
1346,NOR,READ,BOY & GIRL,2009,503.0
1347,NOR,READ,BOY & GIRL,2012,504.0
1348,NOR,READ,BOY & GIRL,2015,513.0
1349,NOR,READ,BOY & GIRL,2018,499.0
1350,POL,READ,BOY & GIRL,2000,479.0
1351,POL,READ,BOY & GIRL,2003,497.0
1352,POL,READ,BOY & GIRL,2006,508.0
1353,POL,READ,BOY & GIRL,2009,500.0
1354,POL,READ,BOY & GIRL,2012,518.0
1355,POL,READ,BOY & GIRL,2015,506.0
1356,POL,READ,BOY & GIRL,2018,512.0
1357,PRT,READ,BOY & GIRL,2000,470.0
1358,PRT,READ,BOY & GIRL,2003,478.0
1359,PRT,READ,BOY & GIRL,2006,472.0
1360,PRT,READ,BOY & GIRL,2009,489.0
1361,PRT,READ,BOY & GIRL,2012,488.0
1362,PRT,READ,BOY & GIRL,2015,498.0
1363,PRT,READ,BOY & GIRL,2018,492.0
1364,SVK,READ,BOY & GIRL,2003,469.0
1365,SVK,READ,BOY & GIRL,2006,466.0
1366,SVK,READ,BOY & GIRL,2009,477.0
1367,SVK,READ,BOY & GIRL,2012,463.0
1368,SVK,READ,BOY & GIRL,2015,453.0
1369,SVK,READ,BOY & GIRL,2018,458.0
1370,ESP,READ,BOY & GIRL,2000,493.0
1371,ESP,READ,BOY & GIRL,2003,481.0
1372,ESP,READ,BOY & GIRL,2006,461.0
1373,ESP,READ,BOY & GIRL,2009,481.0
1374,ESP,READ,BOY & GIRL,2012,488.0
1375,ESP,READ,BOY & GIRL,2015,496.0
1376,SWE,READ,BOY & GIRL,2000,516.0
1377,SWE,READ,BOY & GIRL,2003,514.0
1378,SWE,READ,BOY & GIRL,2006,507.0
1379,SWE,READ,BOY & GIRL,2009,497.0
1380,SWE,READ,BOY & GIRL,2012,483.0
1381,SWE,READ,BOY & GIRL,2015,500.0
1382,SWE,READ,BOY & GIRL,2018,506.0
1383,CHE,READ,BOY & GIRL,2000,494.0
1384,CHE,READ,BOY & GIRL,2003,499.0
1385,CHE,READ,BOY & GIRL,2006,499.0
1386,CHE,READ,BOY & GIRL,2009,501.0
1387,CHE,READ,BOY & GIRL,2012,509.0
1388,CHE,READ,BOY & GIRL,2015,492.0
1389,CHE,READ,BOY & GIRL,2018,484.0
1390,TUR,READ,BOY & GIRL,2003,441.0
1391,TUR,READ,BOY & GIRL,2006,447.0
1392,TUR,READ,BOY & GIRL,2009,464.0
1393,TUR,READ,BOY & GIRL,2012,475.0
1394,TUR,READ,BOY & GIRL,2015,428.0
1395,TUR,READ,BOY & GIRL,2018,466.0
1396,GBR,READ,BOY & GIRL,2006,495.0
1397,GBR,READ,BOY & GIRL,2009,494.0
1398,GBR,READ,BOY & GIRL,2012,499.0
1399,GBR,READ,BOY & GIRL,2015,498.0
1400,GBR,READ,BOY & GIRL,2018,504.0
1401,USA,READ,BOY & GIRL,2000,504.0
1402,USA,READ,BOY & GIRL,2003,495.0
1403,USA,READ,BOY & GIRL,2009,500.0
1404,USA,READ,BOY & GIRL,2012,498.0
1405,USA,READ,BOY & GIRL,2015,497.0
1406,USA,READ,BOY & GIRL,2018,505.0
1407,BRA,READ,BOY & GIRL,2000,396.0
1408,BRA,READ,BOY & GIRL,2003,403.0
1409,BRA,READ,BOY & GIRL,2006,393.0
1410,BRA,READ,BOY & GIRL,2009,412.0
1411,BRA,READ,BOY & GIRL,2012,407.0
1412,BRA,READ,BOY & GIRL,2015,407.0
1413,BRA,READ,BOY & GIRL,2018,413.0
1414,CHL,READ,BOY & GIRL,2000,410.0
1415,CHL,READ,BOY & GIRL,2006,442.0
1416,CHL,READ,BOY & GIRL,2009,449.0
1417,CHL,READ,BOY & GIRL,2012,441.0
1418,CHL,READ,BOY & GIRL,2015,459.0
1419,CHL,READ,BOY & GIRL,2018,452.0
1420,EST,READ,BOY & GIRL,2006,501.0
1421,EST,READ,BOY & GIRL,2009,501.0
1422,EST,READ,BOY & GIRL,2012,516.0
1423,EST,READ,BOY & GIRL,2015,519.0
1424,EST,READ,BOY & GIRL,2018,523.0
1425,IDN,READ,BOY & GIRL,2000,371.0
1426,IDN,READ,BOY & GIRL,2003,382.0
1427,IDN,READ,BOY & GIRL,2006,393.0
1428,IDN,READ,BOY & GIRL,2009,402.0
1429,IDN,READ,BOY & GIRL,2012,396.0
1430,IDN,READ,BOY & GIRL,2015,397.0
1431,IDN,READ,BOY & GIRL,2018,371.0
1432,ISR,READ,BOY & GIRL,2000,452.0
1433,ISR,READ,BOY & GIRL,2006,439.0
1434,ISR,READ,BOY & GIRL,2009,474.0
1435,ISR,READ,BOY & GIRL,2012,486.0
1436,ISR,READ,BOY & GIRL,2015,479.0
1437,ISR,READ,BOY & GIRL,2018,470.0
1438,LVA,READ,BOY & GIRL,2000,458.0
1439,LVA,READ,BOY & GIRL,2003,491.0
1440,LVA,READ,BOY & GIRL,2006,479.0
1441,LVA,READ,BOY & GIRL,2009,484.0
1442,LVA,READ,BOY & GIRL,2012,489.0
1443,LVA,READ,BOY & GIRL,2015,488.0
1444,LVA,READ,BOY & GIRL,2018,479.0
1445,RUS,READ,BOY & GIRL,2000,462.0
1446,RUS,READ,BOY & GIRL,2003,442.0
1447,RUS,READ,BOY & GIRL,2006,440.0
1448,RUS,READ,BOY & GIRL,2009,459.0
1449,RUS,READ,BOY & GIRL,2012,475.0
1450,RUS,READ,BOY & GIRL,2015,495.0
1451,RUS,READ,BOY & GIRL,2018,479.0
1452,SGP,READ,BOY,2015,525.0
1453,SGP,READ,GIRL,2015,546.0
1454,SVN,READ,BOY & GIRL,2006,494.0
1455,SVN,READ,BOY & GIRL,2009,483.0
1456,SVN,READ,BOY & GIRL,2012,481.0
1457,SVN,READ,BOY & GIRL,2015,505.0
1458,SVN,READ,BOY & GIRL,2018,495.0
1459,OAVG,READ,BOY & GIRL,2012,496.0
1460,OAVG,READ,BOY & GIRL,2015,493.0
1461,OAVG,READ,BOY & GIRL,2018,487.0
1462,COL,READ,BOY & GIRL,2015,425.0
1463,COL,READ,BOY & GIRL,2018,412.0
1464,COL,READ,BOY,2015,417.0
1465,COL,READ,BOY,2018,407.0
1466,COL,READ,GIRL,2015,432.0
1467,COL,READ,GIRL,2018,417.0
1468,HKG,READ,BOY & GIRL,2015,527.0
1469,HKG,READ,BOY,2015,513.0
1470,HKG,READ,GIRL,2015,541.0
1471,PER,READ,BOY & GIRL,2015,398.0
1472,PER,READ,BOY,2015,394.0
1473,PER,READ,GIRL,2015,401.0
1474,SGP,READ,BOY & GIRL,2015,535.0
1475,TWN,READ,BOY & GIRL,2015,497.0
1476,TWN,READ,BOY,2015,485.0
1477,TWN,READ,GIRL,2015,510.0
1478,MAC,READ,BOY & GIRL,2015,509.0
1479,MAC,READ,BOY,2015,493.0
1480,MAC,READ,GIRL,2015,525.0
1481,CRI,READ,BOY & GIRL,2018,426.0
1482,CRI,READ,BOY,2018,419.0
1483,CRI,READ,GIRL,2018,434.0
1484,LTU,READ,BOY & GIRL,2018,476.0
1485,LTU,READ,BOY,2018,457.0
1486,LTU,READ,GIRL,2018,496.0
1487,AUS,SCIENCE,BOY,2006,527.0
1488,AUS,SCIENCE,BOY,2009,527.0
1489,AUS,SCIENCE,BOY,2012,523.728
1490,AUS,SCIENCE,BOY,2015,511.0
1491,AUS,SCIENCE,BOY,2018,504.0
1492,AUS,SCIENCE,GIRL,2006,527.0
1493,AUS,SCIENCE,GIRL,2009,528.0
1494,AUS,SCIENCE,GIRL,2012,519.124
1495,AUS,SCIENCE,GIRL,2015,509.0
1496,AUS,SCIENCE,GIRL,2018,502.0
1497,AUT,SCIENCE,BOY,2006,515.0
1498,AUT,SCIENCE,BOY,2012,510.108
1499,AUT,SCIENCE,BOY,2015,504.0
1500,AUT,SCIENCE,BOY,2018,491.0
1501,AUT,SCIENCE,GIRL,2006,507.0
1502,AUT,SCIENCE,GIRL,2012,501.479
1503,AUT,SCIENCE,GIRL,2015,486.0
1504,AUT,SCIENCE,GIRL,2018,489.0
1505,BEL,SCIENCE,BOY,2006,511.0
1506,BEL,SCIENCE,BOY,2009,510.0
1507,BEL,SCIENCE,BOY,2012,506.82
1508,BEL,SCIENCE,BOY,2015,508.0
1509,BEL,SCIENCE,BOY,2018,501.0
1510,BEL,SCIENCE,GIRL,2006,510.0
1511,BEL,SCIENCE,GIRL,2009,503.0
1512,BEL,SCIENCE,GIRL,2012,502.9
1513,BEL,SCIENCE,GIRL,2015,496.0
1514,BEL,SCIENCE,GIRL,2018,496.0
1515,CAN,SCIENCE,BOY,2006,536.0
1516,CAN,SCIENCE,BOY,2009,531.0
1517,CAN,SCIENCE,BOY,2012,526.875
1518,CAN,SCIENCE,BOY,2015,528.0
1519,CAN,SCIENCE,BOY,2018,516.0
1520,CAN,SCIENCE,GIRL,2006,532.0
1521,CAN,SCIENCE,GIRL,2009,526.0
1522,CAN,SCIENCE,GIRL,2012,524.053
1523,CAN,SCIENCE,GIRL,2015,527.0
1524,CAN,SCIENCE,GIRL,2018,520.0
1525,CZE,SCIENCE,BOY,2006,515.0
1526,CZE,SCIENCE,BOY,2009,498.0
1527,CZE,SCIENCE,BOY,2012,508.721
1528,CZE,SCIENCE,BOY,2015,497.0
1529,CZE,SCIENCE,BOY,2018,496.0
1530,CZE,SCIENCE,GIRL,2006,510.0
1531,CZE,SCIENCE,GIRL,2009,503.0
1532,CZE,SCIENCE,GIRL,2012,507.855
1533,CZE,SCIENCE,GIRL,2015,488.0
1534,CZE,SCIENCE,GIRL,2018,498.0
1535,DNK,SCIENCE,BOY,2006,500.0
1536,DNK,SCIENCE,BOY,2009,505.0
1537,DNK,SCIENCE,BOY,2012,503.533
1538,DNK,SCIENCE,BOY,2015,505.0
1539,DNK,SCIENCE,BOY,2018,492.0
1540,DNK,SCIENCE,GIRL,2006,491.0
1541,DNK,SCIENCE,GIRL,2009,494.0
1542,DNK,SCIENCE,GIRL,2012,493.363
1543,DNK,SCIENCE,GIRL,2015,499.0
1544,DNK,SCIENCE,GIRL,2018,494.0
1545,FIN,SCIENCE,BOY,2006,562.0
1546,FIN,SCIENCE,BOY,2009,546.0
1547,FIN,SCIENCE,BOY,2012,537.436
1548,FIN,SCIENCE,BOY,2015,521.0
1549,FIN,SCIENCE,BOY,2018,510.0
1550,FIN,SCIENCE,GIRL,2006,565.0
1551,FIN,SCIENCE,GIRL,2009,562.0
1552,FIN,SCIENCE,GIRL,2012,553.893
1553,FIN,SCIENCE,GIRL,2015,541.0
1554,FIN,SCIENCE,GIRL,2018,534.0
1555,FRA,SCIENCE,BOY,2006,497.0
1556,FRA,SCIENCE,BOY,2009,500.0
1557,FRA,SCIENCE,BOY,2012,497.716
1558,FRA,SCIENCE,BOY,2015,496.0
1559,FRA,SCIENCE,BOY,2018,493.0
1560,FRA,SCIENCE,GIRL,2006,494.0
1561,FRA,SCIENCE,GIRL,2009,497.0
1562,FRA,SCIENCE,GIRL,2012,500.157
1563,FRA,SCIENCE,GIRL,2015,494.0
1564,FRA,SCIENCE,GIRL,2018,493.0
1565,DEU,SCIENCE,BOY,2006,519.0
1566,DEU,SCIENCE,BOY,2009,523.0
1567,DEU,SCIENCE,BOY,2012,523.86
1568,DEU,SCIENCE,BOY,2015,514.0
1569,DEU,SCIENCE,BOY,2018,502.0
1570,DEU,SCIENCE,GIRL,2006,512.0
1571,DEU,SCIENCE,GIRL,2009,518.0
1572,DEU,SCIENCE,GIRL,2012,524.391
1573,DEU,SCIENCE,GIRL,2015,504.0
1574,DEU,SCIENCE,GIRL,2018,504.0
1575,GRC,SCIENCE,BOY,2006,468.0
1576,GRC,SCIENCE,BOY,2009,465.0
1577,GRC,SCIENCE,BOY,2012,460.02
1578,GRC,SCIENCE,BOY,2015,451.0
1579,GRC,SCIENCE,BOY,2018,446.0
1580,GRC,SCIENCE,GIRL,2006,479.0
1581,GRC,SCIENCE,GIRL,2009,475.0
1582,GRC,SCIENCE,GIRL,2012,473.298
1583,GRC,SCIENCE,GIRL,2015,459.0
1584,GRC,SCIENCE,GIRL,2018,457.0
1585,HUN,SCIENCE,BOY,2006,507.0
1586,HUN,SCIENCE,BOY,2009,503.0
1587,HUN,SCIENCE,BOY,2012,495.913
1588,HUN,SCIENCE,BOY,2015,478.0
1589,HUN,SCIENCE,BOY,2018,484.0
1590,HUN,SCIENCE,GIRL,2006,501.0
1591,HUN,SCIENCE,GIRL,2009,503.0
1592,HUN,SCIENCE,GIRL,2012,492.803
1593,HUN,SCIENCE,GIRL,2015,475.0
1594,HUN,SCIENCE,GIRL,2018,478.0
1595,ISL,SCIENCE,BOY,2006,488.0
1596,ISL,SCIENCE,BOY,2009,496.0
1597,ISL,SCIENCE,BOY,2012,476.676
1598,ISL,SCIENCE,BOY,2015,472.0
1599,ISL,SCIENCE,BOY,2018,471.0
1600,ISL,SCIENCE,GIRL,2006,494.0
1601,ISL,SCIENCE,GIRL,2009,495.0
1602,ISL,SCIENCE,GIRL,2012,479.669
1603,ISL,SCIENCE,GIRL,2015,475.0
1604,ISL,SCIENCE,GIRL,2018,479.0
1605,IRL,SCIENCE,BOY,2006,508.0
1606,IRL,SCIENCE,BOY,2009,507.0
1607,IRL,SCIENCE,BOY,2012,523.942
1608,IRL,SCIENCE,BOY,2015,508.0
1609,IRL,SCIENCE,BOY,2018,495.0
1610,IRL,SCIENCE,GIRL,2006,509.0
1611,IRL,SCIENCE,GIRL,2009,509.0
1612,IRL,SCIENCE,GIRL,2012,520.0
1613,IRL,SCIENCE,GIRL,2015,497.0
1614,IRL,SCIENCE,GIRL,2018,497.0
1615,ITA,SCIENCE,BOY,2006,477.0
1616,ITA,SCIENCE,BOY,2009,488.0
1617,ITA,SCIENCE,BOY,2012,494.897
1618,ITA,SCIENCE,BOY,2015,489.0
1619,ITA,SCIENCE,BOY,2018,470.0
1620,ITA,SCIENCE,GIRL,2006,474.0
1621,ITA,SCIENCE,GIRL,2009,490.0
1622,ITA,SCIENCE,GIRL,2012,492.087
1623,ITA,SCIENCE,GIRL,2015,472.0
1624,ITA,SCIENCE,GIRL,2018,466.0
1625,JPN,SCIENCE,BOY,2006,533.0
1626,JPN,SCIENCE,BOY,2009,534.0
1627,JPN,SCIENCE,BOY,2012,551.947
1628,JPN,SCIENCE,BOY,2015,545.0
1629,JPN,SCIENCE,BOY,2018,531.0
1630,JPN,SCIENCE,GIRL,2006,530.0
1631,JPN,SCIENCE,GIRL,2009,545.0
1632,JPN,SCIENCE,GIRL,2012,540.959
1633,JPN,SCIENCE,GIRL,2015,532.0
1634,JPN,SCIENCE,GIRL,2018,528.0
1635,KOR,SCIENCE,BOY,2006,521.0
1636,KOR,SCIENCE,BOY,2009,537.0
1637,KOR,SCIENCE,BOY,2012,539.408
1638,KOR,SCIENCE,BOY,2015,511.0
1639,KOR,SCIENCE,BOY,2018,521.0
1640,KOR,SCIENCE,GIRL,2006,523.0
1641,KOR,SCIENCE,GIRL,2009,539.0
1642,KOR,SCIENCE,GIRL,2012,535.93
1643,KOR,SCIENCE,GIRL,2015,521.0
1644,KOR,SCIENCE,GIRL,2018,517.0
1645,LUX,SCIENCE,BOY,2006,491.0
1646,LUX,SCIENCE,BOY,2009,487.0
1647,LUX,SCIENCE,BOY,2012,498.715
1648,LUX,SCIENCE,BOY,2015,487.0
1649,LUX,SCIENCE,BOY,2018,475.0
1650,LUX,SCIENCE,GIRL,2006,482.0
1651,LUX,SCIENCE,GIRL,2009,480.0
1652,LUX,SCIENCE,GIRL,2012,483.484
1653,LUX,SCIENCE,GIRL,2015,479.0
1654,LUX,SCIENCE,GIRL,2018,479.0
1655,MEX,SCIENCE,BOY,2006,413.0
1656,MEX,SCIENCE,BOY,2009,419.0
1657,MEX,SCIENCE,BOY,2012,418.128
1658,MEX,SCIENCE,BOY,2015,420.0
1659,MEX,SCIENCE,BOY,2018,424.0
1660,MEX,SCIENCE,GIRL,2006,406.0
1661,MEX,SCIENCE,GIRL,2009,413.0
1662,MEX,SCIENCE,GIRL,2012,411.836
1663,MEX,SCIENCE,GIRL,2015,412.0
1664,MEX,SCIENCE,GIRL,2018,415.0
1665,NLD,SCIENCE,BOY,2006,528.0
1666,NLD,SCIENCE,BOY,2009,524.0
1667,NLD,SCIENCE,BOY,2012,523.622
1668,NLD,SCIENCE,BOY,2015,511.0
1669,NLD,SCIENCE,BOY,2018,499.0
1670,NLD,SCIENCE,GIRL,2006,521.0
1671,NLD,SCIENCE,GIRL,2009,520.0
1672,NLD,SCIENCE,GIRL,2012,520.415
1673,NLD,SCIENCE,GIRL,2015,507.0
1674,NLD,SCIENCE,GIRL,2018,508.0
1675,NZL,SCIENCE,BOY,2006,528.0
1676,NZL,SCIENCE,BOY,2009,529.0
1677,NZL,SCIENCE,BOY,2012,517.875
1678,NZL,SCIENCE,BOY,2015,516.0
1679,NZL,SCIENCE,BOY,2018,509.0
1680,NZL,SCIENCE,GIRL,2006,532.0
1681,NZL,SCIENCE,GIRL,2009,535.0
1682,NZL,SCIENCE,GIRL,2012,513.297
1683,NZL,SCIENCE,GIRL,2015,511.0
1684,NZL,SCIENCE,GIRL,2018,508.0
1685,NOR,SCIENCE,BOY,2006,484.0
1686,NOR,SCIENCE,BOY,2009,498.0
1687,NOR,SCIENCE,BOY,2012,492.792
1688,NOR,SCIENCE,BOY,2015,500.0
1689,NOR,SCIENCE,BOY,2018,485.0
1690,NOR,SCIENCE,GIRL,2006,489.0
1691,NOR,SCIENCE,GIRL,2009,502.0
1692,NOR,SCIENCE,GIRL,2012,496.346
1693,NOR,SCIENCE,GIRL,2015,497.0
1694,NOR,SCIENCE,GIRL,2018,496.0
1695,POL,SCIENCE,BOY,2006,500.0
1696,POL,SCIENCE,BOY,2009,505.0
1697,POL,SCIENCE,BOY,2012,524.421
1698,POL,SCIENCE,BOY,2015,504.0
1699,POL,SCIENCE,BOY,2018,511.0
1700,POL,SCIENCE,GIRL,2006,496.0
1701,POL,SCIENCE,GIRL,2009,511.0
1702,POL,SCIENCE,GIRL,2012,527.149
1703,POL,SCIENCE,GIRL,2015,498.0
1704,POL,SCIENCE,GIRL,2018,511.0
1705,PRT,SCIENCE,BOY,2006,477.0
1706,PRT,SCIENCE,BOY,2009,491.0
1707,PRT,SCIENCE,BOY,2012,488.346
1708,PRT,SCIENCE,BOY,2015,506.0
1709,PRT,SCIENCE,BOY,2018,494.0
1710,PRT,SCIENCE,GIRL,2006,472.0
1711,PRT,SCIENCE,GIRL,2009,495.0
1712,PRT,SCIENCE,GIRL,2012,490.224
1713,PRT,SCIENCE,GIRL,2015,496.0
1714,PRT,SCIENCE,GIRL,2018,489.0
1715,SVK,SCIENCE,BOY,2006,491.0
1716,SVK,SCIENCE,BOY,2009,490.0
1717,SVK,SCIENCE,BOY,2012,474.658
1718,SVK,SCIENCE,BOY,2015,460.0
1719,SVK,SCIENCE,BOY,2018,461.0
1720,SVK,SCIENCE,GIRL,2006,485.0
1721,SVK,SCIENCE,GIRL,2009,491.0
1722,SVK,SCIENCE,GIRL,2012,467.385
1723,SVK,SCIENCE,GIRL,2015,461.0
1724,SVK,SCIENCE,GIRL,2018,467.0
1725,ESP,SCIENCE,BOY,2006,491.0
1726,ESP,SCIENCE,BOY,2009,492.0
1727,ESP,SCIENCE,BOY,2012,500.119
1728,ESP,SCIENCE,BOY,2015,496.0
1729,ESP,SCIENCE,BOY,2018,484.0
1730,ESP,SCIENCE,GIRL,2006,486.0
1731,ESP,SCIENCE,GIRL,2009,485.0
1732,ESP,SCIENCE,GIRL,2012,492.658
1733,ESP,SCIENCE,GIRL,2015,489.0
1734,ESP,SCIENCE,GIRL,2018,482.0
1735,SWE,SCIENCE,BOY,2006,504.0
1736,SWE,SCIENCE,BOY,2009,493.0
1737,SWE,SCIENCE,BOY,2012,481.151
1738,SWE,SCIENCE,BOY,2015,491.0
1739,SWE,SCIENCE,BOY,2018,496.0
1740,SWE,SCIENCE,GIRL,2006,503.0
1741,SWE,SCIENCE,GIRL,2009,497.0
1742,SWE,SCIENCE,GIRL,2012,488.513
1743,SWE,SCIENCE,GIRL,2015,496.0
1744,SWE,SCIENCE,GIRL,2018,503.0
1745,CHE,SCIENCE,BOY,2006,514.0
1746,CHE,SCIENCE,BOY,2009,520.0
1747,CHE,SCIENCE,BOY,2012,518.255
1748,CHE,SCIENCE,BOY,2015,508.0
1749,CHE,SCIENCE,BOY,2018,495.0
1750,CHE,SCIENCE,GIRL,2006,509.0
1751,CHE,SCIENCE,GIRL,2009,512.0
1752,CHE,SCIENCE,GIRL,2012,512.331
1753,CHE,SCIENCE,GIRL,2015,502.0
1754,CHE,SCIENCE,GIRL,2018,495.0
1755,TUR,SCIENCE,BOY,2006,418.0
1756,TUR,SCIENCE,BOY,2009,448.0
1757,TUR,SCIENCE,BOY,2012,458.316
1758,TUR,SCIENCE,BOY,2015,422.0
1759,TUR,SCIENCE,BOY,2018,465.0
1760,TUR,SCIENCE,GIRL,2006,430.0
1761,TUR,SCIENCE,GIRL,2009,460.0
1762,TUR,SCIENCE,GIRL,2012,468.622
1763,TUR,SCIENCE,GIRL,2015,429.0
1764,TUR,SCIENCE,GIRL,2018,472.0
1765,GBR,SCIENCE,BOY,2006,520.0
1766,GBR,SCIENCE,BOY,2009,519.0
1767,GBR,SCIENCE,BOY,2012,520.622
1768,GBR,SCIENCE,BOY,2015,510.0
1769,GBR,SCIENCE,BOY,2018,506.0
1770,GBR,SCIENCE,GIRL,2006,510.0
1771,GBR,SCIENCE,GIRL,2009,509.0
1772,GBR,SCIENCE,GIRL,2012,507.883
1773,GBR,SCIENCE,GIRL,2015,509.0
1774,GBR,SCIENCE,GIRL,2018,503.0
1775,USA,SCIENCE,BOY,2006,489.0
1776,USA,SCIENCE,BOY,2009,509.0
1777,USA,SCIENCE,BOY,2012,496.529
1778,USA,SCIENCE,BOY,2015,500.0
1779,USA,SCIENCE,BOY,2018,503.0
1780,USA,SCIENCE,GIRL,2006,489.0
1781,USA,SCIENCE,GIRL,2009,495.0
1782,USA,SCIENCE,GIRL,2012,498.325
1783,USA,SCIENCE,GIRL,2015,493.0
1784,USA,SCIENCE,GIRL,2018,502.0
1785,BRA,SCIENCE,BOY,2006,395.0
1786,BRA,SCIENCE,BOY,2009,407.0
1787,BRA,SCIENCE,BOY,2012,405.541
1788,BRA,SCIENCE,BOY,2015,403.0
1789,BRA,SCIENCE,BOY,2018,403.0
1790,BRA,SCIENCE,GIRL,2006,386.0
1791,BRA,SCIENCE,GIRL,2009,404.0
1792,BRA,SCIENCE,GIRL,2012,403.949
1793,BRA,SCIENCE,GIRL,2015,399.0
1794,BRA,SCIENCE,GIRL,2018,404.0
1795,CHL,SCIENCE,BOY,2006,448.0
1796,CHL,SCIENCE,BOY,2009,452.0
1797,CHL,SCIENCE,BOY,2012,448.441
1798,CHL,SCIENCE,BOY,2015,454.0
1799,CHL,SCIENCE,BOY,2018,445.0
1800,CHL,SCIENCE,GIRL,2006,426.0
1801,CHL,SCIENCE,GIRL,2009,443.0
1802,CHL,SCIENCE,GIRL,2012,441.645
1803,CHL,SCIENCE,GIRL,2015,440.0
1804,CHL,SCIENCE,GIRL,2018,442.0
1805,EST,SCIENCE,BOY,2006,530.0
1806,EST,SCIENCE,BOY,2009,527.0
1807,EST,SCIENCE,BOY,2012,540.177
1808,EST,SCIENCE,BOY,2015,536.0
1809,EST,SCIENCE,BOY,2018,528.0
1810,EST,SCIENCE,GIRL,2006,533.0
1811,EST,SCIENCE,GIRL,2009,528.0
1812,EST,SCIENCE,GIRL,2012,542.608
1813,EST,SCIENCE,GIRL,2015,533.0
1814,EST,SCIENCE,GIRL,2018,533.0
1815,IDN,SCIENCE,BOY,2006,399.0
1816,IDN,SCIENCE,BOY,2009,378.0
1817,IDN,SCIENCE,BOY,2012,380.409
1818,IDN,SCIENCE,BOY,2015,401.0
1819,IDN,SCIENCE,BOY,2018,393.0
1820,IDN,SCIENCE,GIRL,2006,387.0
1821,IDN,SCIENCE,GIRL,2009,387.0
1822,IDN,SCIENCE,GIRL,2012,383.459
1823,IDN,SCIENCE,GIRL,2015,405.0
1824,IDN,SCIENCE,GIRL,2018,399.0
1825,ISR,SCIENCE,BOY,2006,456.0
1826,ISR,SCIENCE,BOY,2009,453.0
1827,ISR,SCIENCE,BOY,2012,469.715
1828,ISR,SCIENCE,BOY,2015,469.0
1829,ISR,SCIENCE,BOY,2018,452.0
1830,ISR,SCIENCE,GIRL,2006,452.0
1831,ISR,SCIENCE,GIRL,2009,456.0
1832,ISR,SCIENCE,GIRL,2012,470.419
1833,ISR,SCIENCE,GIRL,2015,464.0
1834,ISR,SCIENCE,GIRL,2018,471.0
1835,RUS,SCIENCE,BOY,2009,477.0
1836,RUS,SCIENCE,BOY,2012,483.532
1837,RUS,SCIENCE,BOY,2015,489.0
1838,RUS,SCIENCE,BOY,2018,477.0
1839,RUS,SCIENCE,GIRL,2009,480.0
1840,RUS,SCIENCE,GIRL,2012,489.058
1841,RUS,SCIENCE,GIRL,2015,485.0
1842,RUS,SCIENCE,GIRL,2018,478.0
1843,SVN,SCIENCE,BOY,2006,515.0
1844,SVN,SCIENCE,BOY,2009,505.0
1845,SVN,SCIENCE,BOY,2012,509.882
1846,SVN,SCIENCE,BOY,2015,510.0
1847,SVN,SCIENCE,BOY,2018,502.0
1848,SVN,SCIENCE,GIRL,2006,523.0
1849,SVN,SCIENCE,GIRL,2009,519.0
1850,SVN,SCIENCE,GIRL,2012,518.717
1851,SVN,SCIENCE,GIRL,2015,516.0
1852,SVN,SCIENCE,GIRL,2018,512.0
1853,OAVG,SCIENCE,BOY,2006,499.441
1854,OAVG,SCIENCE,BOY,2009,500.853
1855,OAVG,SCIENCE,BOY,2012,501.863
1856,OAVG,SCIENCE,BOY,2015,495.0
1857,OAVG,SCIENCE,BOY,2018,488.0
1858,OAVG,SCIENCE,GIRL,2006,497.118
1859,OAVG,SCIENCE,GIRL,2009,500.824
1860,OAVG,SCIENCE,GIRL,2012,500.406
1861,OAVG,SCIENCE,GIRL,2015,491.0
1862,OAVG,SCIENCE,GIRL,2018,490.0
1863,LVA,SCIENCE,BOY,2015,485.0
1864,LVA,SCIENCE,BOY,2018,483.0
1865,LVA,SCIENCE,GIRL,2015,496.0
1866,LVA,SCIENCE,GIRL,2018,491.0
1867,AUS,SCIENCE,BOY & GIRL,2006,527.0
1868,AUS,SCIENCE,BOY & GIRL,2009,527.0
1869,AUS,SCIENCE,BOY & GIRL,2012,521.0
1870,AUS,SCIENCE,BOY & GIRL,2015,510.0
1871,AUS,SCIENCE,BOY & GIRL,2018,503.0
1872,AUT,SCIENCE,BOY & GIRL,2006,511.0
1873,AUT,SCIENCE,BOY & GIRL,2012,506.0
1874,AUT,SCIENCE,BOY & GIRL,2015,495.0
1875,AUT,SCIENCE,BOY & GIRL,2018,490.0
1876,BEL,SCIENCE,BOY & GIRL,2006,510.0
1877,BEL,SCIENCE,BOY & GIRL,2009,507.0
1878,BEL,SCIENCE,BOY & GIRL,2012,505.0
1879,BEL,SCIENCE,BOY & GIRL,2015,502.0
1880,BEL,SCIENCE,BOY & GIRL,2018,499.0
1881,CAN,SCIENCE,BOY & GIRL,2006,534.0
1882,CAN,SCIENCE,BOY & GIRL,2009,529.0
1883,CAN,SCIENCE,BOY & GIRL,2012,525.0
1884,CAN,SCIENCE,BOY & GIRL,2015,528.0
1885,CAN,SCIENCE,BOY & GIRL,2018,518.0
1886,CZE,SCIENCE,BOY & GIRL,2006,513.0
1887,CZE,SCIENCE,BOY & GIRL,2009,500.0
1888,CZE,SCIENCE,BOY & GIRL,2012,508.0
1889,CZE,SCIENCE,BOY & GIRL,2015,493.0
1890,CZE,SCIENCE,BOY & GIRL,2018,497.0
1891,DNK,SCIENCE,BOY & GIRL,2006,496.0
1892,DNK,SCIENCE,BOY & GIRL,2009,499.0
1893,DNK,SCIENCE,BOY & GIRL,2012,498.0
1894,DNK,SCIENCE,BOY & GIRL,2015,502.0
1895,DNK,SCIENCE,BOY & GIRL,2018,493.0
1896,FIN,SCIENCE,BOY & GIRL,2006,563.0
1897,FIN,SCIENCE,BOY & GIRL,2009,554.0
1898,FIN,SCIENCE,BOY & GIRL,2012,545.0
1899,FIN,SCIENCE,BOY & GIRL,2015,531.0
1900,FIN,SCIENCE,BOY & GIRL,2018,522.0
1901,FRA,SCIENCE,BOY & GIRL,2006,495.0
1902,FRA,SCIENCE,BOY & GIRL,2009,498.0
1903,FRA,SCIENCE,BOY & GIRL,2012,499.0
1904,FRA,SCIENCE,BOY & GIRL,2015,495.0
1905,FRA,SCIENCE,BOY & GIRL,2018,493.0
1906,DEU,SCIENCE,BOY & GIRL,2006,516.0
1907,DEU,SCIENCE,BOY & GIRL,2009,520.0
1908,DEU,SCIENCE,BOY & GIRL,2012,524.0
1909,DEU,SCIENCE,BOY & GIRL,2015,509.0
1910,DEU,SCIENCE,BOY & GIRL,2018,503.0
1911,GRC,SCIENCE,BOY & GIRL,2006,473.0
1912,GRC,SCIENCE,BOY & GIRL,2009,470.0
1913,GRC,SCIENCE,BOY & GIRL,2012,467.0
1914,GRC,SCIENCE,BOY & GIRL,2015,455.0
1915,GRC,SCIENCE,BOY & GIRL,2018,452.0
1916,HUN,SCIENCE,BOY & GIRL,2006,504.0
1917,HUN,SCIENCE,BOY & GIRL,2009,503.0
1918,HUN,SCIENCE,BOY & GIRL,2012,494.0
1919,HUN,SCIENCE,BOY & GIRL,2015,477.0
1920,HUN,SCIENCE,BOY & GIRL,2018,481.0
1921,ISL,SCIENCE,BOY & GIRL,2006,491.0
1922,ISL,SCIENCE,BOY & GIRL,2009,496.0
1923,ISL,SCIENCE,BOY & GIRL,2012,478.0
1924,ISL,SCIENCE,BOY & GIRL,2015,473.0
1925,ISL,SCIENCE,BOY & GIRL,2018,475.0
1926,IRL,SCIENCE,BOY & GIRL,2006,508.0
1927,IRL,SCIENCE,BOY & GIRL,2009,508.0
1928,IRL,SCIENCE,BOY & GIRL,2012,522.0
1929,IRL,SCIENCE,BOY & GIRL,2015,503.0
1930,IRL,SCIENCE,BOY & GIRL,2018,496.0
1931,ITA,SCIENCE,BOY & GIRL,2006,475.0
1932,ITA,SCIENCE,BOY & GIRL,2009,489.0
1933,ITA,SCIENCE,BOY & GIRL,2012,494.0
1934,ITA,SCIENCE,BOY & GIRL,2015,481.0
1935,ITA,SCIENCE,BOY & GIRL,2018,468.0
1936,JPN,SCIENCE,BOY & GIRL,2006,531.0
1937,JPN,SCIENCE,BOY & GIRL,2009,539.0
1938,JPN,SCIENCE,BOY & GIRL,2012,547.0
1939,JPN,SCIENCE,BOY & GIRL,2015,538.0
1940,JPN,SCIENCE,BOY & GIRL,2018,529.0
1941,KOR,SCIENCE,BOY & GIRL,2006,522.0
1942,KOR,SCIENCE,BOY & GIRL,2009,538.0
1943,KOR,SCIENCE,BOY & GIRL,2012,538.0
1944,KOR,SCIENCE,BOY & GIRL,2015,516.0
1945,KOR,SCIENCE,BOY & GIRL,2018,519.0
1946,LUX,SCIENCE,BOY & GIRL,2006,486.0
1947,LUX,SCIENCE,BOY & GIRL,2009,484.0
1948,LUX,SCIENCE,BOY & GIRL,2012,491.0
1949,LUX,SCIENCE,BOY & GIRL,2015,483.0
1950,LUX,SCIENCE,BOY & GIRL,2018,477.0
1951,MEX,SCIENCE,BOY & GIRL,2006,410.0
1952,MEX,SCIENCE,BOY & GIRL,2009,416.0
1953,MEX,SCIENCE,BOY & GIRL,2012,415.0
1954,MEX,SCIENCE,BOY & GIRL,2015,416.0
1955,MEX,SCIENCE,BOY & GIRL,2018,419.0
1956,NLD,SCIENCE,BOY & GIRL,2006,525.0
1957,NLD,SCIENCE,BOY & GIRL,2009,522.0
1958,NLD,SCIENCE,BOY & GIRL,2012,522.0
1959,NLD,SCIENCE,BOY & GIRL,2015,509.0
1960,NLD,SCIENCE,BOY & GIRL,2018,503.0
1961,NZL,SCIENCE,BOY & GIRL,2006,530.0
1962,NZL,SCIENCE,BOY & GIRL,2009,532.0
1963,NZL,SCIENCE,BOY & GIRL,2012,516.0
1964,NZL,SCIENCE,BOY & GIRL,2015,513.0
1965,NZL,SCIENCE,BOY & GIRL,2018,508.0
1966,NOR,SCIENCE,BOY & GIRL,2006,487.0
1967,NOR,SCIENCE,BOY & GIRL,2009,500.0
1968,NOR,SCIENCE,BOY & GIRL,2012,495.0
1969,NOR,SCIENCE,BOY & GIRL,2015,498.0
1970,NOR,SCIENCE,BOY & GIRL,2018,490.0
1971,POL,SCIENCE,BOY & GIRL,2006,498.0
1972,POL,SCIENCE,BOY & GIRL,2009,508.0
1973,POL,SCIENCE,BOY & GIRL,2012,526.0
1974,POL,SCIENCE,BOY & GIRL,2015,501.0
1975,POL,SCIENCE,BOY & GIRL,2018,511.0
1976,PRT,SCIENCE,BOY & GIRL,2006,474.0
1977,PRT,SCIENCE,BOY & GIRL,2009,493.0
1978,PRT,SCIENCE,BOY & GIRL,2012,489.0
1979,PRT,SCIENCE,BOY & GIRL,2015,501.0
1980,PRT,SCIENCE,BOY & GIRL,2018,492.0
1981,SVK,SCIENCE,BOY & GIRL,2006,488.0
1982,SVK,SCIENCE,BOY & GIRL,2009,490.0
1983,SVK,SCIENCE,BOY & GIRL,2012,471.0
1984,SVK,SCIENCE,BOY & GIRL,2015,461.0
1985,SVK,SCIENCE,BOY & GIRL,2018,464.0
1986,ESP,SCIENCE,BOY & GIRL,2006,488.0
1987,ESP,SCIENCE,BOY & GIRL,2009,488.0
1988,ESP,SCIENCE,BOY & GIRL,2012,496.0
1989,ESP,SCIENCE,BOY & GIRL,2015,493.0
1990,ESP,SCIENCE,BOY & GIRL,2018,483.0
1991,SWE,SCIENCE,BOY & GIRL,2006,503.0
1992,SWE,SCIENCE,BOY & GIRL,2009,495.0
1993,SWE,SCIENCE,BOY & GIRL,2012,485.0
1994,SWE,SCIENCE,BOY & GIRL,2015,493.0
1995,SWE,SCIENCE,BOY & GIRL,2018,499.0
1996,CHE,SCIENCE,BOY & GIRL,2006,512.0
1997,CHE,SCIENCE,BOY & GIRL,2009,517.0
1998,CHE,SCIENCE,BOY & GIRL,2012,515.0
1999,CHE,SCIENCE,BOY & GIRL,2015,506.0
2000,CHE,SCIENCE,BOY & GIRL,2018,495.0
2001,TUR,SCIENCE,BOY & GIRL,2006,424.0
2002,TUR,SCIENCE,BOY & GIRL,2009,454.0
2003,TUR,SCIENCE,BOY & GIRL,2012,463.0
2004,TUR,SCIENCE,BOY & GIRL,2015,425.0
2005,TUR,SCIENCE,BOY & GIRL,2018,468.0
2006,GBR,SCIENCE,BOY & GIRL,2006,515.0
2007,GBR,SCIENCE,BOY & GIRL,2009,514.0
2008,GBR,SCIENCE,BOY & GIRL,2012,514.0
2009,GBR,SCIENCE,BOY & GIRL,2015,509.0
2010,GBR,SCIENCE,BOY & GIRL,2018,505.0
2011,USA,SCIENCE,BOY & GIRL,2006,489.0
2012,USA,SCIENCE,BOY & GIRL,2009,502.0
2013,USA,SCIENCE,BOY & GIRL,2012,497.0
2014,USA,SCIENCE,BOY & GIRL,2015,496.0
2015,USA,SCIENCE,BOY & GIRL,2018,502.0
2016,BRA,SCIENCE,BOY & GIRL,2006,390.0
2017,BRA,SCIENCE,BOY & GIRL,2009,405.0
2018,BRA,SCIENCE,BOY & GIRL,2012,402.0
2019,BRA,SCIENCE,BOY & GIRL,2015,401.0
2020,BRA,SCIENCE,BOY & GIRL,2018,404.0
2021,CHL,SCIENCE,BOY & GIRL,2006,438.0
2022,CHL,SCIENCE,BOY & GIRL,2009,447.0
2023,CHL,SCIENCE,BOY & GIRL,2012,445.0
2024,CHL,SCIENCE,BOY & GIRL,2015,447.0
2025,CHL,SCIENCE,BOY & GIRL,2018,444.0
2026,EST,SCIENCE,BOY & GIRL,2006,531.0
2027,EST,SCIENCE,BOY & GIRL,2009,528.0
2028,EST,SCIENCE,BOY & GIRL,2012,541.0
2029,EST,SCIENCE,BOY & GIRL,2015,534.0
2030,EST,SCIENCE,BOY & GIRL,2018,530.0
2031,IDN,SCIENCE,BOY & GIRL,2006,393.0
2032,IDN,SCIENCE,BOY & GIRL,2009,383.0
2033,IDN,SCIENCE,BOY & GIRL,2012,382.0
2034,IDN,SCIENCE,BOY & GIRL,2015,403.0
2035,IDN,SCIENCE,BOY & GIRL,2018,396.0
2036,ISR,SCIENCE,BOY & GIRL,2006,454.0
2037,ISR,SCIENCE,BOY & GIRL,2009,455.0
2038,ISR,SCIENCE,BOY & GIRL,2012,470.0
2039,ISR,SCIENCE,BOY & GIRL,2015,467.0
2040,ISR,SCIENCE,BOY & GIRL,2018,462.0
2041,LVA,SCIENCE,BOY & GIRL,2006,490.0
2042,LVA,SCIENCE,BOY & GIRL,2009,494.0
2043,LVA,SCIENCE,BOY & GIRL,2012,502.0
2044,LVA,SCIENCE,BOY & GIRL,2015,490.0
2045,LVA,SCIENCE,BOY & GIRL,2018,487.0
2046,RUS,SCIENCE,BOY & GIRL,2006,478.0
2047,RUS,SCIENCE,BOY & GIRL,2009,486.0
2048,RUS,SCIENCE,BOY & GIRL,2012,487.0
2049,RUS,SCIENCE,BOY & GIRL,2018,478.0
2050,SGP,SCIENCE,BOY,2015,559.0
2051,SGP,SCIENCE,GIRL,2015,552.0
2052,SVN,SCIENCE,BOY & GIRL,2006,519.0
2053,SVN,SCIENCE,BOY & GIRL,2009,512.0
2054,SVN,SCIENCE,BOY & GIRL,2012,514.0
2055,SVN,SCIENCE,BOY & GIRL,2015,513.0
2056,SVN,SCIENCE,BOY & GIRL,2018,507.0
2057,OAVG,SCIENCE,BOY & GIRL,2006,498.0
2058,OAVG,SCIENCE,BOY & GIRL,2009,501.0
2059,OAVG,SCIENCE,BOY & GIRL,2012,501.0
2060,OAVG,SCIENCE,BOY & GIRL,2015,493.0
2061,OAVG,SCIENCE,BOY & GIRL,2018,489.0
2062,COL,SCIENCE,BOY & GIRL,2015,416.0
2063,COL,SCIENCE,BOY & GIRL,2018,413.0
2064,COL,SCIENCE,BOY,2015,421.0
2065,COL,SCIENCE,BOY,2018,420.0
2066,COL,SCIENCE,GIRL,2015,411.0
2067,COL,SCIENCE,GIRL,2018,407.0
2068,HKG,SCIENCE,BOY & GIRL,2015,523.0
2069,HKG,SCIENCE,BOY,2015,523.0
2070,HKG,SCIENCE,GIRL,2015,524.0
2071,PER,SCIENCE,BOY & GIRL,2015,397.0
2072,PER,SCIENCE,BOY,2015,402.0
2073,PER,SCIENCE,GIRL,2015,392.0
2074,SGP,SCIENCE,BOY & GIRL,2015,556.0
2075,TWN,SCIENCE,BOY & GIRL,2015,532.0
2076,TWN,SCIENCE,BOY,2015,535.0
2077,TWN,SCIENCE,GIRL,2015,530.0
2078,MAC,SCIENCE,BOY & GIRL,2015,529.0
2079,MAC,SCIENCE,BOY,2015,525.0
2080,MAC,SCIENCE,GIRL,2015,532.0
2081,CRI,SCIENCE,BOY & GIRL,2018,416.0
2082,CRI,SCIENCE,BOY,2018,420.0
2083,CRI,SCIENCE,GIRL,2018,411.0
2084,LTU,SCIENCE,BOY & GIRL,2018,482.0
2085,LTU,SCIENCE,BOY,2018,479.0
2086,LTU,SCIENCE,GIRL,2018,485.0
